index,start_time,mode,map,place,duration,nickname,legend,skin,kills,assists,knocks,damage,time_survived,revive_given,respawn_given
0,2023-02-23 23:01:00,ranked,worlds_edge,10,15.0,AetherealTea,wattson,haute_drop,1,0,2,607,824,0,0
0,2023-02-23 23:01:00,ranked,worlds_edge,10,15.0,SussYandereT,lifeline,,0,1,0,556,824,1,0
0,2023-02-23 23:01:00,ranked,worlds_edge,10,15.0,lovebatsTTV,catalyst,,0,0,0,322,824,0,0
1,2023-02-23 23:39:00,ranked,worlds_edge,9,6.0,AetherealTea,wattson,dire_wolf,1,0,3,720,304,0,0
1,2023-02-23 23:39:00,ranked,worlds_edge,9,6.0,YouTube-Ruse,horizon,,3,0,3,406,279,0,0
1,2023-02-23 23:39:00,ranked,worlds_edge,9,6.0,Unknown,octane,,1,1,1,799,305,1,0
2,2023-02-24 09:55:00,,,30,1.0,AetherealTea,wattson,electric_camo,0,0,1,147,56,0,0
2,2023-02-24 09:55:00,,,30,1.0,NiFaLeM,fuse,,0,0,0,121,57,0,0
3,2023-02-24 09:56:00,duos,broken_moon,30,3.0,AetherealTea,wattson,dire_wolf,0,0,1,104,62,0,0
3,2023-02-24 09:56:00,duos,broken_moon,30,3.0,NiFaLeM,fuse,,0,0,0,46,62,0,0
4,2023-02-24 09:59:00,duos,broken_moon,14,5.0,AetherealTea,wattson,kawaii_kitty,0,0,0,36,200,0,0
4,2023-02-24 09:59:00,duos,broken_moon,14,5.0,NiFaLeM,fuse,,0,0,0,87,200,0,0
5,2023-02-24 10:04:00,duos,worlds_edge,9,7.0,AetherealTea,wattson,lightning_spirit,1,1,2,630,355,0,0
5,2023-02-24 10:04:00,duos,worlds_edge,9,7.0,NiFaLeM,fuse,,1,0,1,50,354,0,0
6,2023-02-24 10:11:00,duos,worlds_edge,20,4.0,AetherealTea,wattson,haute_drop,1,0,2,300,110,0,0
6,2023-02-24 10:11:00,duos,worlds_edge,20,4.0,NiFaLeM,fuse,,0,0,0,-1,110,0,0
7,2023-02-24 10:15:00,duos,worlds_edge,7,11.0,AetherealTea,wraith,,3,0,3,611,592,0,1
7,2023-02-24 10:15:00,duos,worlds_edge,7,11.0,Unknown,fuse,,0,1,0,203,592,1,0
8,2023-02-24 10:26:00,,worlds_edge,29,3.0,AetherealTea,wraith,,0,0,0,50,-1,0,0
8,2023-02-24 10:26:00,,worlds_edge,29,3.0,NiFaLeM,fuse,,0,0,0,57,59,0,0
9,2023-02-24 10:29:00,duos,worlds_edge,28,3.0,AetherealTea,wraith,,0,0,0,93,102,0,0
9,2023-02-24 10:29:00,duos,worlds_edge,28,3.0,NiFaLeM,fuse,,0,0,0,136,102,0,0
10,2023-02-24 10:32:00,duos,worlds_edge,24,2.0,AetherealTea,wraith,,0,0,0,125,67,0,0
10,2023-02-24 10:32:00,duos,worlds_edge,24,2.0,NiFaLeM,fuse,,0,0,0,102,93,0,0
11,2023-02-24 10:35:00,duos,worlds_edge,18,5.0,AetherealTea,wraith,,2,0,3,412,236,1,0
11,2023-02-24 10:35:00,duos,worlds_edge,18,5.0,NiFaLeM,fuse,,0,2,0,-1,237,0,0
12,2023-02-24 10:41:00,duos,worlds_edge,13,5.0,AetherealTea,wraith,,2,1,2,516,231,0,0
12,2023-02-24 10:41:00,duos,worlds_edge,13,5.0,NiFaLeM,fuse,,1,2,2,384,230,0,0
13,2023-02-24 10:46:00,duos,worlds_edge,3,17.0,AetherealTea,wraith,,4,0,4,965,914,0,0
13,2023-02-24 10:46:00,duos,worlds_edge,3,17.0,NiFaLeM,fuse,,0,2,0,243,855,0,0
14,2023-02-24 11:03:00,,worlds_edge,29,2.0,AetherealTea,wraith,,0,0,0,69,46,0,0
14,2023-02-24 11:03:00,,worlds_edge,29,2.0,NiFaLeM,fuse,,-1,0,0,185,62,0,0
15,2023-02-24 11:06:00,duos,worlds_edge,12,7.0,AetherealTea,wraith,,0,0,0,150,375,0,0
15,2023-02-24 11:06:00,duos,worlds_edge,12,7.0,NiFaLeM,fuse,,0,0,0,26,294,0,0
16,2023-02-25 09:13:00,trios,worlds_edge,14,4.0,AetherealTea,wraith,,0,0,0,105,98,0,0
16,2023-02-25 09:13:00,trios,worlds_edge,14,4.0,NiFaLeM,fuse,,0,0,1,17,98,0,0
16,2023-02-25 09:13:00,trios,worlds_edge,14,4.0,ksyron,catalyst,,0,0,1,200,98,0,0
17,2023-02-25 09:17:00,trios,worlds_edge,9,5.0,AetherealTea,wraith,,1,0,2,220,231,0,0
17,2023-02-25 09:17:00,trios,worlds_edge,9,5.0,Unknown,fuse,,0,1,0,128,232,0,0
17,2023-02-25 09:17:00,trios,worlds_edge,9,5.0,ksyron,catalyst,,0,1,0,179,232,0,0
18,2023-02-25 09:22:00,trios,worlds_edge,20,3.0,AetherealTea,wraith,,0,0,0,4,52,0,0
18,2023-02-25 09:22:00,trios,worlds_edge,20,3.0,ksyron,catalyst,,0,0,0,13,52,0,0
18,2023-02-25 09:22:00,trios,worlds_edge,20,3.0,NiFaLeM,fuse,,0,0,0,0,51,0,0
19,2023-02-25 09:25:00,trios,worlds_edge,5,14.0,AetherealTea,wattson,electric_camo,2,0,2,553,739,1,0
19,2023-02-25 09:25:00,trios,worlds_edge,5,14.0,NiFaLeM,fuse,,-1,1,0,241,115,1,0
19,2023-02-25 09:25:00,trios,worlds_edge,5,14.0,ksyron,catalyst,,2,0,2,614,735,1,0
20,2023-02-25 09:39:00,trios,worlds_edge,14,7.0,AetherealTea,wattson,dire_wolf,0,0,1,344,318,0,0
20,2023-02-25 09:39:00,trios,worlds_edge,14,7.0,ksyron,catalyst,,-1,0,0,87,318,0,0
20,2023-02-25 09:39:00,trios,worlds_edge,14,7.0,NiFaLeM,fuse,,0,0,1,293,318,0,0
21,2023-02-25 09:46:00,trios,worlds_edge,6,10.0,AetherealTea,wattson,kawaii_kitty,2,2,2,413,532,1,0
21,2023-02-25 09:46:00,trios,worlds_edge,6,10.0,ksyron,catalyst,,3,2,4,764,533,0,0
21,2023-02-25 09:46:00,trios,worlds_edge,6,10.0,NiFaLeM,fuse,,0,1,0,302,532,0,0
22,2023-02-25 09:58:00,trios,worlds_edge,11,5.0,AetherealTea,wattson,lightning_spirit,1,0,1,224,193,1,0
22,2023-02-25 09:58:00,trios,worlds_edge,11,5.0,ksyron,catalyst,,0,0,0,139,192,0,0
22,2023-02-25 09:58:00,trios,worlds_edge,11,5.0,NiFaLeM,fuse,,0,0,0,85,194,0,0
23,2023-02-25 10:03:00,ranked,broken_moon,3,16.0,AetherealTea,wattson,haute_drop,2,1,2,398,111,0,0
23,2023-02-25 10:03:00,ranked,broken_moon,3,16.0,NiFaLeM,fuse,,1,0,1,493,910,0,0
23,2023-02-25 10:03:00,ranked,broken_moon,3,16.0,ksyron,catalyst,,2,2,2,962,111,2,0
24,2023-02-25 10:22:00,ranked,broken_moon,7,13.0,AetherealTea,wattson,electric_camo,2,1,3,626,111,2,0
24,2023-02-25 10:22:00,ranked,broken_moon,7,13.0,Unknown,catalyst,,3,1,3,818,704,0,0
24,2023-02-25 10:22:00,ranked,broken_moon,7,13.0,NiFaLeM,fuse,,0,1,0,209,686,0,0
25,2023-02-25 10:41:00,ranked,broken_moon,13,7.0,AetherealTea,wattson,dire_wolf,0,0,1,371,307,1,0
25,2023-02-25 10:41:00,ranked,broken_moon,13,7.0,NiFaLeM,fuse,,0,0,0,82,307,2,0
25,2023-02-25 10:41:00,ranked,broken_moon,13,7.0,ksyron,valkyrie,,0,0,1,70,306,0,0
26,2023-02-25 10:48:00,ranked,broken_moon,8,10.0,AetherealTea,wattson,kawaii_kitty,2,0,3,628,525,1,0
26,2023-02-25 10:48:00,ranked,broken_moon,8,10.0,ksyron,valkyrie,,2,0,3,2,526,0,0
26,2023-02-25 10:48:00,ranked,broken_moon,8,10.0,NiFaLeM,fuse,,0,1,1,-1,526,0,0
27,2023-02-25 10:59:00,ranked,broken_moon,15,4.0,AetherealTea,wattson,lightning_spirit,-1,0,0,0,139,0,0
27,2023-02-25 10:59:00,ranked,broken_moon,15,4.0,ksyron,valkyrie,,1,0,2,403,186,0,0
27,2023-02-25 10:59:00,ranked,broken_moon,15,4.0,NiFaLeM,fuse,,0,0,0,61,187,0,0
28,2023-02-27 09:20:00,trios,broken_moon,7,8.0,AetherealTea,wraith,,0,1,1,549,411,0,0
28,2023-02-27 09:20:00,trios,broken_moon,7,8.0,NiFaLeM,fuse,,2,0,2,362,410,1,0
28,2023-02-27 09:20:00,trios,broken_moon,7,8.0,ksyron,valkyrie,,3,1,3,49,411,2,0
29,2023-02-27 09:29:00,trios,broken_moon,14,4.0,AetherealTea,wattson,lightning_spirit,0,0,1,327,203,0,0
29,2023-02-27 09:29:00,trios,broken_moon,14,4.0,NiFaLeM,fuse,,0,0,0,68,203,1,0
29,2023-02-27 09:29:00,trios,broken_moon,14,4.0,ksyron,valkyrie,,0,0,0,150,188,0,0
30,2023-02-27 09:33:00,trios,broken_moon,17,4.0,AetherealTea,wattson,haute_drop,0,0,1,157,138,0,0
30,2023-02-27 09:33:00,trios,broken_moon,17,4.0,ksyron,valkyrie,,0,0,0,15,83,0,0
30,2023-02-27 09:33:00,trios,broken_moon,17,4.0,NiFaLeM,fuse,,0,0,0,-1,106,0,0
31,2023-02-27 09:38:00,trios,broken_moon,21,3.0,AetherealTea,wattson,dire_wolf,1,0,1,216,67,0,0
31,2023-02-27 09:38:00,trios,broken_moon,21,3.0,NiFaLeM,fuse,,0,0,1,36,67,0,0
31,2023-02-27 09:38:00,trios,broken_moon,21,3.0,ksyron,valkyrie,,0,0,0,108,67,0,0
32,2023-02-27 09:41:00,trios,broken_moon,18,3.0,AetherealTea,wattson,kawaii_kitty,0,0,1,258,122,0,0
32,2023-02-27 09:41:00,trios,broken_moon,18,3.0,NiFaLeM,fuse,,0,0,0,18,122,0,0
32,2023-02-27 09:41:00,trios,broken_moon,18,3.0,ksyron,valkyrie,,-1,0,0,144,122,0,0
33,2023-02-27 09:45:00,ranked,worlds_edge,19,3.0,AetherealTea,wattson,lightning_spirit,0,0,0,61,120,0,0
33,2023-02-27 09:45:00,ranked,worlds_edge,19,3.0,ksyron,valkyrie,,0,0,2,184,120,0,0
33,2023-02-27 09:45:00,ranked,worlds_edge,19,3.0,NiFaLeM,fuse,,0,0,0,59,119,0,0
34,2023-02-27 09:49:00,ranked,worlds_edge,13,9.0,AetherealTea,wattson,haute_drop,1,1,2,861,455,1,0
34,2023-02-27 09:49:00,ranked,worlds_edge,13,9.0,NiFaLeM,fuse,,0,4,0,361,304,0,0
34,2023-02-27 09:49:00,ranked,worlds_edge,13,9.0,ksyron,valkyrie,,4,1,4,1215,455,1,0
35,2023-02-27 09:58:00,ranked,worlds_edge,10,7.0,AetherealTea,wattson,electric_camo,0,0,0,526,330,1,0
35,2023-02-27 09:58:00,ranked,worlds_edge,10,7.0,ksyron,valkyrie,,1,0,2,521,331,0,0
35,2023-02-27 09:58:00,ranked,worlds_edge,10,7.0,NiFaLeM,fuse,,0,0,0,77,331,0,0
36,2023-02-27 10:05:00,ranked,storm_point,17,4.0,AetherealTea,wattson,dire_wolf,0,0,1,170,140,1,0
36,2023-02-27 10:05:00,ranked,storm_point,17,4.0,ksyron,valkyrie,,0,0,0,85,140,2,0
36,2023-02-27 10:05:00,ranked,storm_point,17,4.0,NiFaLeM,fuse,,0,0,0,174,140,0,0
37,2023-02-27 10:10:00,ranked,storm_point,9,9.0,AetherealTea,wattson,kawaii_kitty,0,0,0,36,355,0,0
37,2023-02-27 10:10:00,ranked,storm_point,9,9.0,ksyron,valkyrie,,0,0,0,336,503,0,0
37,2023-02-27 10:10:00,ranked,storm_point,9,9.0,NiFaLeM,fuse,,0,0,0,236,503,0,0
38,2023-02-27 10:20:00,trios,worlds_edge,2,19.0,AetherealTea,wattson,lightning_spirit,4,2,4,7,962,0,0
38,2023-02-27 10:20:00,trios,worlds_edge,2,19.0,ksyron,valkyrie,,1,2,1,764,1047,0,0
38,2023-02-27 10:20:00,trios,worlds_edge,2,19.0,NiFaLeM,fuse,,1,1,1,280,958,0,0
39,2023-02-27 10:41:00,trios,worlds_edge,10,5.0,AetherealTea,wattson,haute_drop,2,1,2,405,220,1,0
39,2023-02-27 10:41:00,trios,worlds_edge,10,5.0,ksyron,fuse,,1,1,1,376,221,1,0
39,2023-02-27 10:41:00,trios,worlds_edge,10,5.0,Unknown,,,0,1,0,36,221,0,0
40,2023-02-27 10:46:00,trios,worlds_edge,5,12.0,AetherealTea,wattson,electric_camo,2,3,2,796,657,1,0
40,2023-02-27 10:46:00,trios,worlds_edge,5,12.0,NiFaLeM,fuse,,1,3,1,316,657,0,0
40,2023-02-27 10:46:00,trios,worlds_edge,5,12.0,ksyron,valkyrie,,5,1,5,1041,657,0,0
41,2023-02-27 10:59:00,trios,worlds_edge,16,5.0,AetherealTea,wattson,dire_wolf,0,0,1,226,211,0,0
41,2023-02-27 10:59:00,trios,worlds_edge,16,5.0,ksyron,fuse,,0,0,0,243,211,0,0
41,2023-02-27 10:59:00,trios,worlds_edge,16,5.0,Unknown,,,0,0,0,196,211,0,0
42,2023-02-27 11:04:00,trios,storm_point,4,11.0,AetherealTea,wraith,,1,1,1,360,569,0,0
42,2023-02-27 11:04:00,trios,storm_point,4,11.0,ksyron,catalyst,,3,1,3,559,568,1,0
42,2023-02-27 11:04:00,trios,storm_point,4,11.0,NiFaLeM,fuse,,1,3,1,321,569,0,0
43,2023-02-27 11:15:00,trios,storm_point,16,4.0,AetherealTea,wraith,,0,0,0,198,136,0,0
43,2023-02-27 11:15:00,trios,storm_point,16,4.0,NiFaLeM,fuse,,0,0,1,299,137,0,0
43,2023-02-27 11:15:00,trios,storm_point,16,4.0,ksyron,catalyst,,0,0,0,90,137,0,0
44,2023-02-27 11:19:00,ranked,storm_point,12,8.0,AetherealTea,wattson,kawaii_kitty,3,0,3,540,381,1,0
44,2023-02-27 11:19:00,ranked,storm_point,12,8.0,NiFaLeM,fuse,,0,1,0,136,380,0,0
44,2023-02-27 11:19:00,ranked,storm_point,12,8.0,ksyron,catalyst,,0,0,0,228,306,0,0
45,2023-02-27 11:28:00,ranked,storm_point,14,4.0,AetherealTea,wattson,lightning_spirit,1,2,1,248,159,0,0
45,2023-02-27 11:28:00,ranked,storm_point,14,4.0,ksyron,catalyst,,2,1,2,390,159,0,0
45,2023-02-27 11:28:00,ranked,storm_point,14,4.0,NiFaLeM,fuse,,0,1,0,86,159,0,0
46,2023-02-27 11:32:00,ranked,storm_point,11,7.0,AetherealTea,wattson,haute_drop,0,0,0,13,323,0,0
46,2023-02-27 11:32:00,ranked,storm_point,11,7.0,NiFaLeM,fuse,,0,0,0,106,343,0,0
46,2023-02-27 11:32:00,ranked,storm_point,11,7.0,ksyron,catalyst,,0,0,0,57,343,0,0
47,2023-02-28 09:04:00,,worlds_edge,23,3.0,AetherealTea,wattson,electric_camo,0,0,0,135,107,0,0
47,2023-02-28 09:04:00,,worlds_edge,23,3.0,ksyron,valkyrie,,0,0,0,0,56,0,0
48,2023-02-28 09:08:00,duos,worlds_edge,14,6.0,AetherealTea,wattson,dire_wolf,0,0,0,0,238,0,0
48,2023-02-28 09:08:00,duos,worlds_edge,14,6.0,ksyron,valkyrie,,0,0,0,0,290,0,0
49,2023-02-28 09:17:00,ranked,storm_point,3,18.0,AetherealTea,wattson,kawaii_kitty,3,3,4,797,1043,0,0
49,2023-02-28 09:17:00,ranked,storm_point,3,18.0,H4h4h4ha,octane,,2,0,2,808,1037,2,0
49,2023-02-28 09:17:00,ranked,storm_point,3,18.0,JaceYaYa,loba,,2,2,2,1120,1043,2,0
50,2023-02-28 09:36:00,duos,storm_point,27,2.0,AetherealTea,wattson,lightning_spirit,0,0,0,42,425,0,0
50,2023-02-28 09:36:00,duos,storm_point,27,2.0,NiFaLeM,fuse,,0,0,0,103,425,0,0
51,2023-02-28 09:39:00,duos,storm_point,6,13.0,AetherealTea,wattson,haute_drop,0,0,0,67,70,0,0
51,2023-02-28 09:39:00,duos,storm_point,6,13.0,NiFaLeM,fuse,,0,0,1,167,70,0,0
52,2023-02-28 09:52:00,duos,storm_point,31,2.0,AetherealTea,wraith,,0,0,0,61,52,0,0
52,2023-02-28 09:52:00,duos,storm_point,31,2.0,NiFaLem,fuse,,0,0,0,32,53,0,0
53,2023-02-28 09:55:00,duos,storm_point,14,6.0,AetherealTea,wraith,,0,0,0,48,303,0,0
53,2023-02-28 09:55:00,duos,storm_point,14,6.0,NiFaLeM,fuse,,0,0,0,36,303,0,0
54,2023-02-28 22:52:00,ranked,broken_moon,10,11.0,AetherealTea,wattson,dire_wolf,1,0,2,364,605,0,0
54,2023-02-28 22:52:00,ranked,broken_moon,10,11.0,Element 115,horizon,,0,1,0,313,605,0,0
54,2023-02-28 22:52:00,ranked,broken_moon,10,11.0,hindsight,pathfinder,,1,1,1,541,605,0,0
55,2023-02-28 23:04:00,ranked,broken_moon,1,18.0,AetherealTea,wattson,kawaii_kitty,5,0,5,532,984,2,0
55,2023-02-28 23:04:00,ranked,broken_moon,1,18.0,virtified,pathfinder,,4,4,4,1599,984,1,0
55,2023-02-28 23:04:00,ranked,broken_moon,1,18.0,XxxmikinxxX,vantage,,1,4,1,1060,984,1,0
56,2023-02-28 23:23:00,ranked,broken_moon,3,21.0,AetherealTea,wattson,,1,0,1,568,1105,0,0
56,2023-02-28 23:23:00,ranked,broken_moon,3,21.0,Matthew,horizon,,1,1,1,764,1198,1,0
56,2023-02-28 23:23:00,ranked,broken_moon,3,21.0,chevyghost45¢,lifeline,,0,0,0,633,1229,1,0
57,2023-02-28 23:44:00,ranked,broken_moon,12,9.0,AetherealTea,wattson,haute_drop,0,2,0,293,407,1,0
57,2023-02-28 23:44:00,ranked,broken_moon,12,9.0,TRIPTEX,wraith,,3,0,3,562,407,1,0
57,2023-02-28 23:44:00,ranked,broken_moon,12,9.0,Matthew,horizon,,0,1,2,340,407,0,0
58,2023-02-28 23:53:00,ranked,broken_moon,6,11.0,AetherealTea,wattson,,3,0,3,726,517,1,0
58,2023-02-28 23:53:00,ranked,broken_moon,6,11.0,TrezrtheGame,bloodhound,,1,0,1,309,547,0,0
58,2023-02-28 23:53:00,ranked,broken_moon,6,11.0,masterpoyesh,horizon,,2,3,3,751,547,1,0
59,2023-03-01 00:05:00,ranked,broken_moon,3,16.0,AetherealTea,wattson,dire_wolf,2,3,2,920,890,0,0
59,2023-03-01 00:05:00,ranked,broken_moon,3,16.0,DAVID_ONE.1,ash,,2,2,2,489,890,0,0
59,2023-03-01 00:05:00,ranked,broken_moon,3,16.0,Xraigeki,loba,,2,1,3,486,890,0,0
60,2023-03-01 12:54:00,duos,storm_point,13,6.0,AetherealTea,wattson,lightning_spirit,0,0,0,155,339,0,0
60,2023-03-01 12:54:00,duos,storm_point,13,6.0,ksyron,valkyrie,,0,0,0,196,339,0,0
61,2023-03-01 13:01:00,duos,broken_moon,30,2.0,AetherealTea,wraith,,0,0,0,36,49,0,0
61,2023-03-01 13:01:00,duos,broken_moon,30,2.0,ksyran,valkyrie,,0,0,1,132,49,0,0
62,2023-03-01 13:03:00,duos,broken_moon,5,12.0,AetherealTea,wraith,,3,0,3,558,617,1,0
62,2023-03-01 13:03:00,duos,broken_moon,5,12.0,ksyron,valkyrie,,1,2,1,485,607,1,0
63,2023-03-01 13:15:00,duos,broken_moon,13,5.0,AetherealTea,wraith,,0,0,0,90,265,0,0
63,2023-03-01 13:15:00,duos,broken_moon,13,5.0,ksyron,catalyst,,0,0,0,3,265,0,0
64,2023-03-01 13:21:00,duos,broken_moon,8,10.0,AetherealTea,wraith,,2,2,2,2,547,0,0
64,2023-03-01 13:21:00,duos,broken_moon,8,10.0,ksyron,catalyst,,3,1,3,607,547,0,0
65,2023-03-01 13:35:00,duos,broken_moon,1,21.0,AetherealTea,wraith,,9,5,3,2042,1180,2,0
65,2023-03-01 13:35:00,duos,broken_moon,1,21.0,ksyron,valkyrie,,8,4,8,2276,1180,1,0
66,2023-03-01 13:57:00,ranked,worlds_edge,19,3.0,AetherealTea,wattson,haute_drop,0,0,0,0,86,0,0
66,2023-03-01 13:57:00,ranked,worlds_edge,19,3.0,IM BANNED,bangalore,,1,0,1,220,102,0,0
66,2023-03-01 13:57:00,ranked,worlds_edge,19,3.0,ksyron,valkyrie,,0,0,0,170,103,0,0
67,2023-03-01 14:01:00,ranked,worlds_edge,4,14.0,AetherealTea,wattson,electric_camo,4,0,6,1374,778,0,0
67,2023-03-01 14:01:00,ranked,worlds_edge,4,14.0,Wxffle,wraith,,1,2,1,237,726,0,0
67,2023-03-01 14:01:00,ranked,worlds_edge,4,14.0,ksyron,valkyrie,,1,4,1,804,119,0,0
68,2023-03-02 09:21:00,duos,worlds_edge,22,2.0,AetherealTea,wattson,kawaii_kitty,0,1,0,12,84,0,0
68,2023-03-02 09:21:00,duos,worlds_edge,22,2.0,ksyron,valkyrie,,1,0,1,184,84,1,0
69,2023-03-02 09:24:00,duos,worlds_edge,16,4.0,AetherealTea,wattson,lightning_spirit,1,2,1,394,183,0,0
69,2023-03-02 09:24:00,duos,worlds_edge,16,4.0,ksyron,valkyrie,,2,0,2,422,183,1,0
70,2023-03-02 09:43:00,trios,worlds_edge,17,2.0,AetherealTea,wattson,electric_camo,2,0,2,343,98,0,0
70,2023-03-02 09:43:00,trios,worlds_edge,17,2.0,ksyron,valkyrie,,1,0,1,164,98,1,0
70,2023-03-02 09:43:00,trios,worlds_edge,17,2.0,NiFaLeM,fuse,,0,1,0,73,98,0,0
71,2023-03-02 09:46:00,ranked,worlds_edge,4,14.0,AetherealTea,wattson,dire_wolf,4,3,5,1126,754,3,0
71,2023-03-02 09:46:00,ranked,worlds_edge,4,14.0,NiFaLeM,fuse,,4,1,4,865,753,0,0
71,2023-03-02 09:46:00,ranked,worlds_edge,4,14.0,ksyron,valkyrie,,3,4,3,1307,746,1,0
72,2023-03-02 10:01:00,ranked,storm_point,9,8.0,AetherealTea,wattson,kawaii_kitty,3,0,3,700,403,0,0
72,2023-03-02 10:01:00,ranked,storm_point,9,8.0,NiFaLeM,fuse,,1,0,2,483,403,1,0
72,2023-03-02 10:01:00,ranked,storm_point,9,8.0,ksyron,valkyrie,,0,3,0,544,403,0,0
73,2023-03-02 10:10:00,ranked,storm_point,20,2.0,AetherealTea,wattson,lightning_spirit,0,0,0,169,-1,0,0
73,2023-03-02 10:10:00,ranked,storm_point,20,2.0,ksyron,valkyrie,,0,0,0,44,-1,0,0
73,2023-03-02 10:10:00,ranked,storm_point,20,2.0,NiFaLeM,fuse,,0,0,0,40,-1,0,0
74,2023-03-02 10:12:00,ranked,storm_point,8,10.0,AetherealTea,wattson,haute_drop,2,1,2,408,481,0,0
74,2023-03-02 10:12:00,ranked,storm_point,8,10.0,ksyron,valkyrie,,2,2,2,677,481,0,0
74,2023-03-02 10:12:00,ranked,storm_point,8,10.0,NiFaLeM,fuse,,1,0,1,7,465,0,0
75,2023-03-02 10:23:00,ranked,storm_point,8,13.0,AetherealTea,wattson,electric_camo,2,1,3,602,92,2,0
75,2023-03-02 10:23:00,ranked,storm_point,8,13.0,NiFaLeM,fuse,,0,0,0,5,92,0,0
75,2023-03-02 10:23:00,ranked,storm_point,8,13.0,ksyron,valkyrie,,1,1,1,279,669,0,0
76,2023-03-02 10:36:00,ranked,storm_point,15,4.0,AetherealTea,wattson,dire_wolf,0,0,2,68,185,0,0
76,2023-03-02 10:36:00,ranked,storm_point,15,4.0,NiFaLeM,fuse,,0,0,0,98,184,0,0
76,2023-03-02 10:36:00,ranked,storm_point,15,4.0,ksyron,valkyrie,,0,0,0,342,184,0,0
77,2023-03-02 10:41:00,ranked,storm_point,1,6.0,AetherealTea,wattson,kawaii_kitty,2,0,3,538,277,1,0
77,2023-03-02 10:41:00,ranked,storm_point,1,6.0,ksyron,valkyrie,,0,2,0,336,277,0,0
77,2023-03-02 10:41:00,ranked,storm_point,1,6.0,NiFaLeM,fuse,,0,0,0,90,266,0,0
78,2023-03-02 10:47:00,ranked,storm_point,19,4.0,AetherealTea,wattson,lightning_spirit,0,0,1,255,127,0,0
78,2023-03-02 10:47:00,ranked,storm_point,19,4.0,ksyron,valkyrie,,0,0,0,54,128,0,0
78,2023-03-02 10:47:00,ranked,storm_point,19,4.0,NiFaLeM,fuse,,0,0,0,57,112,0,0
79,2023-03-02 10:51:00,ranked,storm_point,17,4.0,AetherealTea,wattson,haute_drop,0,0,1,335,142,0,0
79,2023-03-02 10:51:00,ranked,storm_point,17,4.0,ksyron,valkyrie,,0,0,1,186,129,0,0
79,2023-03-02 10:51:00,ranked,storm_point,17,4.0,NiFaLeM,fuse,,0,0,0,81,142,0,0
80,2023-03-02 10:56:00,ranked,storm_point,18,3.0,AetherealTea,wattson,electric_camo,0,0,0,88,110,0,0
80,2023-03-02 10:56:00,ranked,storm_point,18,3.0,ksyron,valkyrie,,0,0,1,112,111,0,0
80,2023-03-02 10:56:00,ranked,storm_point,18,3.0,NiFaLeM,fuse,,0,0,0,50,110,0,0
81,2023-03-02 10:59:00,ranked,storm_point,4,16.0,AetherealTea,wattson,dire_wolf,0,3,0,497,857,0,0
81,2023-03-02 10:59:00,ranked,storm_point,4,16.0,ksyron,valkyrie,,4,1,5,814,853,0,0
81,2023-03-02 10:59:00,ranked,storm_point,4,16.0,NiFaLeM,fuse,,1,2,1,3,857,0,0
82,2023-03-02 11:16:00,ranked,storm_point,15,7.0,AetherealTea,wattson,kawaii_kitty,0,0,0,109,306,0,0
82,2023-03-02 11:16:00,ranked,storm_point,15,7.0,NiFaLeM,fuse,,0,0,0,0,306,0,0
82,2023-03-02 11:16:00,ranked,storm_point,15,7.0,ksyron,valkyrie,,0,0,0,146,305,0,0
83,2023-03-02 11:23:00,ranked,storm_point,5,20.0,AetherealTea,wattson,lightning_spirit,7,0,7,879,1081,1,1
83,2023-03-02 11:23:00,ranked,storm_point,5,20.0,ksyron,valkyrie,,1,4,2,1166,658,0,0
83,2023-03-02 11:23:00,ranked,storm_point,5,20.0,NiFaLeM,fuse,,0,5,0,329,609,1,0
84,2023-03-02 11:43:00,ranked,storm_point,5,15.0,AetherealTea,wattson,haute_drop,2,2,2,674,792,0,1
84,2023-03-02 11:43:00,ranked,storm_point,5,15.0,NiFaLeM,fuse,,1,1,1,231,792,0,0
84,2023-03-02 11:43:00,ranked,storm_point,5,15.0,ksyron,valkyrie,,3,2,3,994,769,1,0
85,2023-03-02 11:58:00,ranked,storm_point,13,5.0,AetherealTea,wattson,electric_camo,1,0,3,670,205,0,0
85,2023-03-02 11:58:00,ranked,storm_point,13,5.0,NiFaLeM,fuse,,0,0,0,129,98,0,0
85,2023-03-02 11:58:00,ranked,storm_point,13,5.0,ksyron,valkyrie,,0,0,0,84,75,0,0
86,2023-03-02 12:04:00,ranked,storm_point,8,12.0,AetherealTea,wattson,dire_wolf,3,0,3,412,681,0,0
86,2023-03-02 12:04:00,ranked,storm_point,8,12.0,ksyron,valkyrie,,0,3,0,210,657,0,0
86,2023-03-02 12:04:00,ranked,storm_point,8,12.0,NiFaLeM,fuse,,0,1,0,60,666,0,0
87,2023-03-02 12:17:00,ranked,storm_point,13,4.0,AetherealTea,wattson,kawaii_kitty,1,0,2,87,176,0,0
87,2023-03-02 12:17:00,ranked,storm_point,13,4.0,ksyron,valkyrie,,2,1,2,600,168,0,0
87,2023-03-02 12:17:00,ranked,storm_point,13,4.0,NiFaLeM,fuse,,0,1,0,105,153,0,0
88,2023-03-02 12:21:00,ranked,storm_point,20,3.0,AetherealTea,wattson,lightning_spirit,0,0,0,216,73,0,0
88,2023-03-02 12:21:00,ranked,storm_point,20,3.0,NiFaLeM,fuse,,0,0,0,93,74,0,0
88,2023-03-02 12:21:00,ranked,storm_point,20,3.0,ksyron,valkyrie,,0,0,1,93,74,0,0
89,2023-03-02 12:24:00,ranked,storm_point,8,10.0,AetherealTea,wattson,haute_drop,2,2,2,600,492,0,0
89,2023-03-02 12:24:00,ranked,storm_point,8,10.0,ksyron,valkyrie,,2,1,4,95,492,2,0
89,2023-03-02 12:24:00,ranked,storm_point,8,10.0,NiFaLeM,fuse,,0,1,0,196,492,1,0
90,2023-03-04 13:57:00,trios,worlds_edge,8,5.0,AetherealTea,wraith,,1,1,1,75,-1,0,0
90,2023-03-04 13:57:00,trios,worlds_edge,8,5.0,Rocket,caustic,,1,1,1,444,-1,0,0
90,2023-03-04 13:57:00,trios,worlds_edge,8,5.0,Twitch-Eveskii,newcastle,,0,0,0,138,190,0,0
91,2023-03-04 14:02:00,ranked,worlds_edge,9,8.0,AetherealTea,wattson,dire_wolf,0,0,0,99,371,0,0
91,2023-03-04 14:02:00,ranked,worlds_edge,9,8.0,Lust,loba,,0,0,1,298,392,0,0
91,2023-03-04 14:02:00,ranked,worlds_edge,9,8.0,Ahiers (,mirage,,0,0,0,7,392,0,0
92,2023-03-04 14:10:00,ranked,worlds_edge,4,12.0,AetherealTea,wattson,kawaii_kitty,3,1,3,537,587,0,2
92,2023-03-04 14:10:00,ranked,worlds_edge,4,12.0,JoJ,octane,,3,3,3,815,600,0,0
92,2023-03-04 14:10:00,ranked,worlds_edge,4,12.0,Bombora,valkyrie,,2,1,2,418,600,0,0
93,2023-03-04 14:23:00,ranked,worlds_edge,11,6.0,AetherealTea,wattson,lightning_spirit,1,1,1,600,325,0,0
93,2023-03-04 14:23:00,ranked,worlds_edge,11,6.0,LuckyCharms«,mirage,,0,1,0,127,318,2,0
93,2023-03-04 14:23:00,ranked,worlds_edge,11,6.0,Rubetucin,pathfinder,,3,1,3,429,301,0,0
94,2023-03-04 14:30:00,ranked,worlds_edge,13,4.0,AetherealTea,wattson,haute_drop,0,0,0,3,199,0,0
94,2023-03-04 14:30:00,ranked,worlds_edge,13,4.0,FmsTtsFourHt,pathfinder,,0,0,0,35,196,0,0
94,2023-03-04 14:30:00,ranked,worlds_edge,13,4.0,pathussy,bloodhound,,0,0,0,-1,199,0,0
95,2023-03-04 14:35:00,ranked,worlds_edge,18,3.0,AetherealTea,wattson,electric_camo,0,0,0,196,126,0,0
95,2023-03-04 14:35:00,ranked,worlds_edge,18,3.0,My Tight Little Stuffer,ash,,0,0,0,168,126,0,0
95,2023-03-04 14:35:00,ranked,worlds_edge,18,3.0,he say that im good er,wraith,,0,0,0,255,126,0,0
96,2023-03-04 14:40:00,ranked,worlds_edge,13,6.0,AetherealTea,wattson,dire_wolf,1,0,1,317,245,2,0
96,2023-03-04 14:40:00,ranked,worlds_edge,13,6.0,,fuse,,1,1,1,508,245,0,0
96,2023-03-04 14:40:00,ranked,worlds_edge,13,6.0,Alpharimi3,revenant,,1,0,1,186,245,0,0
97,2023-03-04 14:46:00,ranked,worlds_edge,1,22.0,AetherealTea,wattson,kawaii_kitty,9,0,9,1883,1214,0,0
97,2023-03-04 14:46:00,ranked,worlds_edge,1,22.0,PoserPixel,pathfinder,,2,3,2,586,1214,0,0
97,2023-03-04 14:46:00,ranked,worlds_edge,1,22.0,"Rus - Hi, Peace",lifeline,,1,4,1,1950,1214,1,0
98,2023-03-04 22:41:00,duos,storm_point,32,2.0,AetherealTea,ash,,0,0,0,90,48,0,0
98,2023-03-04 22:41:00,duos,storm_point,32,2.0,NiFaLeM,fuse,,0,0,0,33,47,0,0
99,2023-03-04 22:44:00,duos,storm_point,28,2.0,AetherealTea,ash,,0,0,0,190,46,0,0
99,2023-03-04 22:44:00,duos,storm_point,28,2.0,NiFaLeM,fuse,,0,0,0,76,46,0,0
100,2023-03-04 22:46:00,duos,storm_point,30,2.0,AetherealTea,ash,,0,0,0,74,51,0,0
100,2023-03-04 22:46:00,duos,storm_point,30,2.0,NiFaLeM,fuse,,0,0,0,30,51,0,0
101,2023-03-05 09:19:00,trios,worlds_edge,1,18.0,AetherealTea,wraith,,2,1,2,577,980,0,1
101,2023-03-05 09:19:00,trios,worlds_edge,1,18.0,ksyron,catalyst,,4,2,4,19,980,1,0
101,2023-03-05 09:19:00,trios,worlds_edge,1,18.0,NiFaLeM,fuse,,1,2,1,233,980,0,0
102,2023-03-05 09:37:00,ranked,worlds_edge,10,8.0,AetherealTea,wraith,,0,0,0,100,389,0,0
102,2023-03-05 09:37:00,ranked,worlds_edge,10,8.0,ksyron,catalyst,,0,0,0,2,389,0,0
102,2023-03-05 09:37:00,ranked,worlds_edge,10,8.0,NiFaLeM,fuse,,0,0,0,25,372,0,0
103,2023-03-05 09:45:00,ranked,worlds_edge,18,3.0,AetherealTea,wattson,haute_drop,0,0,1,237,98,0,0
103,2023-03-05 09:45:00,ranked,worlds_edge,18,3.0,ksyron,valkyrie,,0,0,0,46,88,0,0
103,2023-03-05 09:45:00,ranked,worlds_edge,18,3.0,NiFaLeM,fuse,,0,0,0,78,98,0,0
104,2023-03-05 09:49:00,ranked,worlds_edge,18,5.0,AetherealTea,wattson,electric_camo,0,0,0,16,213,0,0
104,2023-03-05 09:49:00,ranked,worlds_edge,18,5.0,ksyron,valkyrie,,0,0,0,44,213,0,0
104,2023-03-05 09:49:00,ranked,worlds_edge,18,5.0,Unknown,,,0,0,0,66,213,0,0
105,2023-03-05 09:55:00,ranked,worlds_edge,20,2.0,AetherealTea,wattson,kawaii_kitty,0,0,0,93,77,0,0
105,2023-03-05 09:55:00,ranked,worlds_edge,20,2.0,ksyron,valkyrie,,0,0,0,93,77,0,0
105,2023-03-05 09:55:00,ranked,worlds_edge,20,2.0,NiFaLeM,fuse,,0,0,0,45,76,0,0
106,2023-03-05 09:58:00,ranked,worlds_edge,15,5.0,AetherealTea,wattson,,2,0,3,588,240,0,0
106,2023-03-05 09:58:00,ranked,worlds_edge,15,5.0,ksyron,valkyrie,,0,0,0,50,174,0,0
106,2023-03-05 09:58:00,ranked,worlds_edge,15,5.0,Unknown,,,0,2,0,134,239,0,0
107,2023-03-05 10:04:00,ranked,storm_point,19,3.0,AetherealTea,wattson,haute_drop,0,0,1,168,109,0,0
107,2023-03-05 10:04:00,ranked,storm_point,19,3.0,ksyron,valkyrie,,0,0,0,213,110,0,0
107,2023-03-05 10:04:00,ranked,storm_point,19,3.0,NiFaLeM,fuse,,0,0,0,143,110,0,0
108,2023-03-05 10:07:00,trios,storm_point,18,3.0,AetherealTea,wattson,electric_camo,1,0,1,294,106,0,0
108,2023-03-05 10:07:00,trios,storm_point,18,3.0,ksyron,valkyrie,,0,0,0,-1,93,0,0
108,2023-03-05 10:07:00,trios,storm_point,18,3.0,NiFaLeM,fuse,,0,0,0,0,106,0,0
109,2023-03-05 10:10:00,trios,storm_point,19,2.0,AetherealTea,crypto,,0,0,0,72,49,0,0
109,2023-03-05 10:10:00,trios,storm_point,19,2.0,ksyron,valkyrie,,0,0,0,34,49,0,0
109,2023-03-05 10:10:00,trios,storm_point,19,2.0,NiFaLeM,fuse,,0,0,0,26,48,0,0
110,2023-03-05 10:13:00,trios,storm_point,15,3.0,AetherealTea,crypto,,1,0,1,208,123,0,0
110,2023-03-05 10:13:00,trios,storm_point,15,3.0,ksyron,catalyst,,1,0,1,-1,123,0,0
110,2023-03-05 10:13:00,trios,storm_point,15,3.0,NiFaLeM,fuse,,1,1,1,201,122,0,0
111,2023-03-05 10:16:00,trios,storm_point,14,3.0,AetherealTea,crypto,,1,1,1,216,107,0,0
111,2023-03-05 10:16:00,trios,storm_point,14,3.0,NiFaLeM,fuse,,1,1,1,7,107,0,0
111,2023-03-05 10:16:00,trios,storm_point,14,3.0,ksyron,catalyst,,0,2,0,250,107,0,0
112,2023-03-05 10:22:00,trios,storm_point,19,2.0,AetherealTea,crypto,,0,0,1,205,425,0,0
112,2023-03-05 10:22:00,trios,storm_point,19,2.0,ksyron,catalyst,,0,0,0,102,44,0,0
112,2023-03-05 10:22:00,trios,storm_point,19,2.0,NiFaLeM,fuse,,0,0,0,58,425,0,0
113,2023-03-05 10:25:00,trios,storm_point,8,7.0,AetherealTea,crypto,,0,0,0,68,393,0,0
113,2023-03-05 10:25:00,trios,storm_point,8,7.0,ksyron,catalyst,,0,0,0,316,393,1,0
113,2023-03-05 10:25:00,trios,storm_point,8,7.0,NiFaLeM,fuse,,0,0,1,49,388,0,0
114,2023-03-05 10:33:00,trios,broken_moon,5,11.0,AetherealTea,crypto,,2,1,3,904,573,0,0
114,2023-03-05 10:33:00,trios,broken_moon,5,11.0,ksyron,catalyst,,6,2,6,1497,573,3,1
114,2023-03-05 10:33:00,trios,broken_moon,5,11.0,NiFaLeM,fuse,,2,1,2,473,570,1,0
115,2023-03-05 10:44:00,trios,broken_moon,15,3.0,AetherealTea,crypto,,0,1,1,463,124,0,0
115,2023-03-05 10:44:00,trios,broken_moon,15,3.0,ksyron,catalyst,,0,0,0,0,125,0,0
115,2023-03-05 10:44:00,trios,broken_moon,15,3.0,NiFaLeM,fuse,,1,0,1,78,125,0,0
116,2023-03-05 10:47:00,trios,broken_moon,5,11.0,AetherealTea,crypto,,1,1,1,449,544,3,0
116,2023-03-05 10:47:00,trios,broken_moon,5,11.0,NiFaLeM,fuse,,0,0,0,83,512,0,0
116,2023-03-05 10:47:00,trios,broken_moon,5,11.0,ksyron,catalyst,,2,1,2,838,581,1,1
117,2023-03-05 10:59:00,trios,broken_moon,10,4.0,AetherealTea,crypto,,0,0,0,7,178,0,0
117,2023-03-05 10:59:00,trios,broken_moon,10,4.0,ksyron,catalyst,,0,0,1,246,178,1,0
117,2023-03-05 10:59:00,trios,broken_moon,10,4.0,NiFaLeM,fuse,,0,0,0,50,67,0,0
118,2023-03-05 11:04:00,ranked,storm_point,1,18.0,AetherealTea,wattson,dire_wolf,5,3,5,1362,988,2,0
118,2023-03-05 11:04:00,ranked,storm_point,1,18.0,NiFaLeM,fuse,,0,4,2,451,988,0,0
118,2023-03-05 11:04:00,ranked,storm_point,1,18.0,ksyron,catalyst,,4,1,4,1259,988,1,0
119,2023-03-05 11:23:00,ranked,storm_point,2,22.0,AetherealTea,wattson,kawaii_kitty,1,3,1,1040,1247,0,0
119,2023-03-05 11:23:00,ranked,storm_point,2,22.0,ksyron,catalyst,,4,0,4,1649,1247,1,0
119,2023-03-05 11:23:00,ranked,storm_point,2,22.0,NiFaLeM,fuse,,0,0,1,884,1247,1,0
120,2023-03-05 11:46:00,ranked,storm_point,4,16.0,AetherealTea,wattson,,4,3,5,1014,893,1,0
120,2023-03-05 11:46:00,ranked,storm_point,4,16.0,ksyron,catalyst,,3,3,4,1217,893,0,0
120,2023-03-05 11:46:00,ranked,storm_point,4,16.0,NiFaLeM,fuse,,0,2,0,193,665,0,0
121,2023-03-05 12:08:00,ranked,storm_point,19,4.0,AetherealTea,wattson,haute_drop,0,1,0,83,117,0,0
121,2023-03-05 12:08:00,ranked,storm_point,19,4.0,ksyron,valkyrie,,1,0,1,335,126,0,0
121,2023-03-05 12:08:00,ranked,storm_point,19,4.0,NiFaLeM,fuse,,0,0,0,83,125,0,0
122,2023-03-05 12:12:00,ranked,storm_point,16,4.0,AetherealTea,wattson,electric_camo,1,0,2,270,185,1,0
122,2023-03-05 12:12:00,ranked,storm_point,16,4.0,NiFaLeM,fuse,,0,1,1,193,185,0,0
122,2023-03-05 12:12:00,ranked,storm_point,16,4.0,ksyron,valkyrie,,0,0,1,310,185,0,0
123,2023-03-05 12:16:00,ranked,storm_point,4,15.0,AetherealTea,wattson,dire_wolf,3,0,4,743,790,0,2
123,2023-03-05 12:16:00,ranked,storm_point,4,15.0,ksyron,valkyrie,,1,0,1,534,789,0,0
123,2023-03-05 12:16:00,ranked,storm_point,4,15.0,Unknown,,,0,1,0,231,790,0,0
124,2023-03-05 12:32:00,ranked,storm_point,18,3.0,AetherealTea,wattson,kawaii_kitty,0,0,1,165,116,0,0
124,2023-03-05 12:32:00,ranked,storm_point,18,3.0,Sensei,pathfinder,,0,0,0,44,48,0,0
124,2023-03-05 12:32:00,ranked,storm_point,18,3.0,ksyron,valkyrie,,0,0,0,75,116,0,0
125,2023-03-05 12:36:00,ranked,storm_point,13,4.0,AetherealTea,wattson,,1,2,2,220,183,1,0
125,2023-03-05 12:36:00,ranked,storm_point,13,4.0,Teo2007tg,wraith,,2,3,2,319,175,0,0
125,2023-03-05 12:36:00,ranked,storm_point,13,4.0,ksyron,valkyrie,,2,3,3,363,182,2,0
126,2023-03-05 12:41:00,ranked,storm_point,9,11.0,AetherealTea,wattson,,3,1,4,568,579,0,0
126,2023-03-05 12:41:00,ranked,storm_point,9,11.0,Grasfloh,lifeline,,1,2,3,376,579,1,0
126,2023-03-05 12:41:00,ranked,storm_point,9,11.0,ksyron,valkyrie,,0,2,0,378,521,0,0
127,2023-03-05 12:53:00,ranked,storm_point,1,11.0,AetherealTea,wattson,electric_camo,2,0,2,562,549,1,0
127,2023-03-05 12:53:00,ranked,storm_point,1,11.0,Mypchella,catalyst,,0,1,0,359,566,0,0
127,2023-03-05 12:53:00,ranked,storm_point,1,11.0,ksyron,valkyrie,,1,1,1,574,566,0,0
128,2023-03-05 13:04:00,ranked,storm_point,19,3.0,AetherealTea,wattson,dire_wolf,0,0,1,224,106,0,0
128,2023-03-05 13:04:00,ranked,storm_point,19,3.0,lv.1 (,bangalore,,0,0,0,140,106,0,0
128,2023-03-05 13:04:00,ranked,storm_point,19,3.0,ksyron,valkyrie,,0,0,0,0,72,0,0
129,2023-03-06 09:54:00,trios,broken_moon,11,3.0,AetherealTea,wattson,,1,0,2,158,135,0,0
129,2023-03-06 09:54:00,trios,broken_moon,11,3.0,ksyron,valkyrie,,1,0,1,297,134,0,0
129,2023-03-06 09:54:00,trios,broken_moon,11,3.0,NiFaLeM,fuse,,0,0,0,0,134,0,0
130,2023-03-06 09:57:00,trios,broken_moon,19,3.0,AetherealTea,wattson,electric_camo,0,0,0,99,80,0,0
130,2023-03-06 09:57:00,trios,broken_moon,19,3.0,ksyron,valkyrie,,0,0,1,79,80,0,0
130,2023-03-06 09:57:00,trios,broken_moon,19,3.0,NiFaLeM,fuse,,0,0,0,7,80,0,0
131,2023-03-06 10:00:00,trios,worlds_edge,8,9.0,AetherealTea,wattson,dire_wolf,2,0,2,430,405,0,0
131,2023-03-06 10:00:00,trios,worlds_edge,8,9.0,ksyron,valkyrie,,1,0,2,-1,320,0,0
131,2023-03-06 10:00:00,trios,worlds_edge,8,9.0,NiFaLeM,fuse,,0,1,1,374,420,1,0
132,2023-03-06 10:09:00,trios,worlds_edge,15,5.0,AetherealTea,wattson,kawaii_kitty,0,0,0,162,205,0,0
132,2023-03-06 10:09:00,trios,worlds_edge,15,5.0,ksyron,valkyrie,,0,0,0,164,205,0,0
132,2023-03-06 10:09:00,trios,worlds_edge,15,5.0,Unknown,,,0,0,0,47,205,0,0
133,2023-03-06 10:14:00,trios,worlds_edge,6,13.0,AetherealTea,wattson,lightning_spirit,3,3,5,1415,639,1,0
133,2023-03-06 10:14:00,trios,worlds_edge,6,13.0,NiFaLeM,fuse,,0,4,0,659,639,1,0
133,2023-03-06 10:14:00,trios,worlds_edge,6,13.0,ksyron,valkyrie,,6,0,6,935,639,0,1
134,2023-03-06 10:27:00,trios,worlds_edge,18,2.0,AetherealTea,wattson,haute_drop,0,0,1,41,59,0,0
134,2023-03-06 10:27:00,trios,worlds_edge,18,2.0,NiFaLeM,fuse,,0,0,0,7,52,0,0
134,2023-03-06 10:27:00,trios,worlds_edge,18,2.0,ksyron,valkyrie,,0,0,0,78,59,0,0
135,2023-03-06 10:30:00,trios,worlds_edge,12,5.0,AetherealTea,wattson,electric_camo,0,0,0,140,190,0,0
135,2023-03-06 10:30:00,trios,worlds_edge,12,5.0,ksyron,valkyrie,,0,0,0,274,-1,0,0
135,2023-03-06 10:30:00,trios,worlds_edge,12,5.0,NiFaLeM,fuse,,0,0,0,20,-1,0,0
136,2023-03-06 10:36:00,ranked,broken_moon,17,4.0,AetherealTea,wattson,dire_wolf,0,0,1,106,142,0,0
136,2023-03-06 10:36:00,ranked,broken_moon,17,4.0,ksyron,valkyrie,,0,0,1,218,87,0,0
136,2023-03-06 10:36:00,ranked,broken_moon,17,4.0,NiFaLeM,fuse,,0,0,0,102,104,0,0
137,2023-03-06 10:40:00,ranked,broken_moon,5,15.0,AetherealTea,wattson,kawaii_kitty,0,0,1,279,793,0,0
137,2023-03-06 10:40:00,ranked,broken_moon,5,15.0,ksyron,valkyrie,,0,0,0,333,794,0,0
137,2023-03-06 10:40:00,ranked,broken_moon,5,15.0,NiFaLeM,fuse,,0,0,0,7,794,1,0
138,2023-03-06 10:55:00,ranked,broken_moon,13,5.0,AetherealTea,wattson,,0,0,0,198,258,0,0
138,2023-03-06 10:55:00,ranked,broken_moon,13,5.0,NiFaLeM,fuse,,0,0,0,93,258,0,0
138,2023-03-06 10:55:00,ranked,broken_moon,13,5.0,ksyron,valkyrie,,0,0,0,86,255,0,0
139,2023-03-06 11:01:00,ranked,broken_moon,15,4.0,AetherealTea,wattson,haute_drop,0,0,0,7,164,0,0
139,2023-03-06 11:01:00,ranked,broken_moon,15,4.0,ksyron,valkyrie,,0,0,1,196,164,0,0
139,2023-03-06 11:01:00,ranked,broken_moon,15,4.0,NiFaLeM,fuse,,0,0,0,0,165,0,0
140,2023-03-06 11:05:00,ranked,broken_moon,5,13.0,AetherealTea,wattson,electric_camo,4,4,4,1004,700,0,0
140,2023-03-06 11:05:00,ranked,broken_moon,5,13.0,ksyron,valkyrie,,5,1,5,1142,700,2,0
140,2023-03-06 11:05:00,ranked,broken_moon,5,13.0,NiFaLeM,fuse,,0,3,0,224,101,0,0
141,2023-03-06 11:19:00,ranked,broken_moon,20,2.0,AetherealTea,wattson,dire_wolf,0,0,0,127,4260,0,0
141,2023-03-06 11:19:00,ranked,broken_moon,20,2.0,ksyron,valkyrie,,0,0,0,42,60,0,0
141,2023-03-06 11:19:00,ranked,broken_moon,20,2.0,NiFaLeM,fuse,,0,0,0,16,4260,0,0
142,2023-03-06 11:21:00,ranked,broken_moon,5,13.0,AetherealTea,wattson,kawaii_kitty,1,2,2,682,-1,0,0
142,2023-03-06 11:21:00,ranked,broken_moon,5,13.0,ksyron,valkyrie,,4,0,4,1029,680,0,0
142,2023-03-06 11:21:00,ranked,broken_moon,5,13.0,NiFaLeM,fuse,,0,0,0,0,602,0,0
143,2023-03-06 11:35:00,ranked,broken_moon,19,2.0,AetherealTea,wattson,lightning_spirit,1,0,1,319,250,0,0
143,2023-03-06 11:35:00,ranked,broken_moon,19,2.0,NiFaLeM,fuse,,0,0,0,0,70,0,0
143,2023-03-06 11:35:00,ranked,broken_moon,19,2.0,Kksyron,valkyrie,,0,1,0,126,55,0,0
144,2023-03-06 11:37:00,ranked,broken_moon,12,9.0,AetherealTea,wattson,haute_drop,1,1,2,356,413,0,0
144,2023-03-06 11:37:00,ranked,broken_moon,12,9.0,NiFaLeM,fuse,,0,0,0,186,436,0,0
144,2023-03-06 11:37:00,ranked,broken_moon,12,9.0,ksyron,valkyrie,,2,1,3,538,436,1,1
145,2023-03-06 11:46:00,ranked,broken_moon,15,4.0,AetherealTea,wattson,electric_camo,0,0,1,279,164,0,0
145,2023-03-06 11:46:00,ranked,broken_moon,15,4.0,NiFaLeM,fuse,,0,0,0,120,150,0,0
145,2023-03-06 11:46:00,ranked,broken_moon,15,4.0,ksyron,valkyrie,,0,0,0,75,136,1,0
146,2023-03-06 11:51:00,ranked,broken_moon,9,15.0,AetherealTea,wattson,dire_wolf,2,1,2,518,836,0,0
146,2023-03-06 11:51:00,ranked,broken_moon,9,15.0,ksyron,valkyrie,,1,1,1,648,599,1,0
146,2023-03-06 11:51:00,ranked,broken_moon,9,15.0,NiFaLeM,fuse,,1,1,1,346,590,0,0
147,2023-03-06 12:07:00,ranked,broken_moon,4,19.0,AetherealTea,wattson,,4,1,6,1512,1007,1,0
147,2023-03-06 12:07:00,ranked,broken_moon,4,19.0,NiFaLeM,fuse,,0,3,0,498,1041,0,0
147,2023-03-06 12:07:00,ranked,broken_moon,4,19.0,ksyron,valkyrie,,3,2,4,1466,1038,1,0
148,2023-03-06 12:27:00,ranked,broken_moon,8,9.0,AetherealTea,wattson,lightning_spirit,1,0,2,387,479,2,2
148,2023-03-06 12:27:00,ranked,broken_moon,8,9.0,NiFaLeM,fuse,,0,0,0,222,479,0,0
148,2023-03-06 12:27:00,ranked,broken_moon,8,9.0,ksyron,valkyrie,,0,0,0,618,479,0,0
149,2023-03-06 12:37:00,ranked,broken_moon,12,5.0,AetherealTea,wattson,haute_drop,1,1,2,635,245,0,0
149,2023-03-06 12:37:00,ranked,broken_moon,12,5.0,ksyron,valkyrie,,1,0,1,310,-1,0,0
149,2023-03-06 12:37:00,ranked,broken_moon,12,5.0,NiFaLeM,fuse,,0,0,0,264,-1,0,0
150,2023-03-06 12:43:00,ranked,broken_moon,17,3.0,AetherealTea,wattson,electric_camo,0,0,0,109,101,0,0
150,2023-03-06 12:43:00,ranked,broken_moon,17,3.0,ksyron,valkyrie,,0,0,0,66,121,0,0
150,2023-03-06 12:43:00,ranked,broken_moon,17,3.0,NiFaLeM,fuse,,0,0,0,0,121,0,0
151,2023-03-06 12:46:00,ranked,broken_moon,8,12.0,AetherealTea,wattson,dire_wolf,1,1,1,328,591,0,0
151,2023-03-06 12:46:00,ranked,broken_moon,8,12.0,NiFaLeM,fuse,,0,0,0,267,465,0,0
151,2023-03-06 12:46:00,ranked,broken_moon,8,12.0,ksyron,valkyrie,,3,1,3,845,596,1,0
152,2023-03-07 10:00:00,trios,storm_point,2,17.0,AetherealTea,wattson,haute_drop,6,0,6,703,857,4,0
152,2023-03-07 10:00:00,trios,storm_point,2,17.0,ksyron,valkyrie,,5,4,7,1494,873,0,0
152,2023-03-07 10:00:00,trios,storm_point,2,17.0,NiFaLeM,fuse,,1,1,1,323,793,0,0
153,2023-03-07 10:18:00,ranked,worlds_edge,6,12.0,AetherealTea,wattson,electric_camo,2,0,3,978,644,1,0
153,2023-03-07 10:18:00,ranked,worlds_edge,6,12.0,ksyron,valkyrie,,1,1,3,565,654,1,0
153,2023-03-07 10:18:00,ranked,worlds_edge,6,12.0,NiFaLeM,fuse,,0,1,0,194,654,1,0
154,2023-03-07 10:31:00,ranked,worlds_edge,8,9.0,AetherealTea,wattson,,0,4,2,818,498,2,0
154,2023-03-07 10:31:00,ranked,worlds_edge,8,9.0,ksyron,valkyrie,,4,0,5,860,498,0,0
154,2023-03-07 10:31:00,ranked,worlds_edge,8,9.0,NiFaLeM,fuse,,2,0,2,337,498,1,0
155,2023-03-07 10:41:00,ranked,worlds_edge,18,3.0,AetherealTea,wattson,kawaii_kitty,0,0,0,413,119,1,0
155,2023-03-07 10:41:00,ranked,worlds_edge,18,3.0,ksyron,valkyrie,,2,1,3,264,120,0,0
155,2023-03-07 10:41:00,ranked,worlds_edge,18,3.0,NiFaLeM,fuse,,1,1,1,215,109,0,0
156,2023-03-07 10:45:00,ranked,worlds_edge,20,2.0,AetherealTea,wattson,lightning_spirit,0,0,0,0,58,0,0
156,2023-03-07 10:45:00,ranked,worlds_edge,20,2.0,ksyron,valkyrie,,0,0,1,150,58,0,0
156,2023-03-07 10:45:00,ranked,worlds_edge,20,2.0,NiFaLeM,fuse,,0,0,0,0,43,0,0
157,2023-03-07 10:47:00,ranked,worlds_edge,19,4.0,AetherealTea,wattson,haute_drop,0,0,0,-1,122,0,0
157,2023-03-07 10:47:00,ranked,worlds_edge,19,4.0,NiFaLeM,fuse,,0,0,0,26,114,0,0
157,2023-03-07 10:47:00,ranked,worlds_edge,19,4.0,ksyron,valkyrie,,0,0,0,7,104,0,0
158,2023-03-07 10:51:00,ranked,worlds_edge,4,14.0,AetherealTea,wattson,electric_camo,2,2,4,756,94,0,2
158,2023-03-07 10:51:00,ranked,worlds_edge,4,14.0,ksyron,catalyst,,5,1,5,0,769,0,0
158,2023-03-07 10:51:00,ranked,worlds_edge,4,14.0,NiFaLeM,fuse,,0,0,0,142,790,1,0
159,2023-03-07 11:06:00,ranked,worlds_edge,7,11.0,AetherealTea,wattson,dire_wolf,1,2,1,387,552,0,0
159,2023-03-07 11:06:00,ranked,worlds_edge,7,11.0,ksyron,valkyrie,,2,0,2,663,552,0,0
159,2023-03-07 11:06:00,ranked,worlds_edge,7,11.0,NiFaLeM,fuse,,1,0,1,229,552,1,0
160,2023-03-07 11:17:00,ranked,worlds_edge,7,11.0,AetherealTea,wattson,kawaii_kitty,3,2,3,705,554,0,0
160,2023-03-07 11:17:00,ranked,worlds_edge,7,11.0,NiFaLeM,fuse,,0,2,0,439,555,0,0
160,2023-03-07 11:17:00,ranked,worlds_edge,7,11.0,ksyron,valkyrie,,2,3,3,752,555,0,0
161,2023-03-07 11:28:00,ranked,worlds_edge,10,10.0,AetherealTea,wattson,lightning_spirit,2,0,4,897,506,1,0
161,2023-03-07 11:28:00,ranked,worlds_edge,10,10.0,NiFaLeM,fuse,,0,0,0,185,506,0,0
161,2023-03-07 11:28:00,ranked,worlds_edge,10,10.0,ksyron,valkyrie,,0,0,0,296,506,0,0
162,2023-03-07 11:38:00,ranked,worlds_edge,11,8.0,AetherealTea,wattson,haute_drop,2,0,2,452,392,1,0
162,2023-03-07 11:38:00,ranked,worlds_edge,11,8.0,NiFaLeM,fuse,,0,0,0,45,368,0,0
162,2023-03-07 11:38:00,ranked,worlds_edge,11,8.0,ksyron,valkyrie,,2,1,3,444,392,0,1
163,2023-03-07 11:47:00,ranked,worlds_edge,15,4.0,AetherealTea,wattson,electric_camo,0,2,0,276,168,0,0
163,2023-03-07 11:47:00,ranked,worlds_edge,15,4.0,NiFaLeM,fuse,,0,0,0,125,203,1,0
163,2023-03-07 11:47:00,ranked,worlds_edge,15,4.0,ksyron,valkyrie,,2,0,3,357,199,0,0
164,2023-03-07 11:51:00,ranked,worlds_edge,8,10.0,AetherealTea,wraith,,1,1,1,312,494,0,0
164,2023-03-07 11:51:00,ranked,worlds_edge,8,10.0,ksyron,lifeline,,2,1,2,399,495,1,0
164,2023-03-07 11:51:00,ranked,worlds_edge,8,10.0,Unknown,,,1,0,1,176,494,0,0
165,2023-03-07 12:02:00,ranked,worlds_edge,13,6.0,AetherealTea,wraith,,0,0,0,21,318,0,0
165,2023-03-07 12:02:00,ranked,worlds_edge,13,6.0,ksyron,fuse,,0,0,1,172,318,1,0
165,2023-03-07 12:02:00,ranked,worlds_edge,13,6.0,Unknown,,,0,0,0,96,318,0,0
166,2023-03-07 12:08:00,ranked,worlds_edge,12,11.0,AetherealTea,wraith,,0,1,1,351,565,0,0
166,2023-03-07 12:08:00,ranked,worlds_edge,12,11.0,ksyron,lifeline,,0,1,1,474,565,0,2
166,2023-03-07 12:08:00,ranked,worlds_edge,12,11.0,NiFaLeM,fuse,,1,0,1,134,565,0,0
167,2023-03-07 12:19:00,ranked,worlds_edge,14,6.0,AetherealTea,wraith,,0,1,0,257,255,0,0
167,2023-03-07 12:19:00,ranked,worlds_edge,14,6.0,NiFaLeM,fuse,,1,0,1,142,255,1,0
167,2023-03-07 12:19:00,ranked,worlds_edge,14,6.0,ksyron,lifeline,,0,1,0,47,255,0,0
168,2023-03-08 09:46:00,duos,storm_point,9,14.0,AetherealTea,wattson,dire_wolf,3,2,3,1060,95,1,0
168,2023-03-08 09:46:00,duos,storm_point,9,14.0,ksyron,valkyrie,,3,1,3,1006,95,0,0
169,2023-03-08 10:00:00,trios,broken_moon,9,7.0,AetherealTea,wattson,kawaii_kitty,0,0,0,87,307,0,0
169,2023-03-08 10:00:00,trios,broken_moon,9,7.0,NiFaLeM,fuse,,0,0,0,36,298,0,0
169,2023-03-08 10:00:00,trios,broken_moon,9,7.0,ksyron,valkyrie,,0,0,0,0,312,0,0
170,2023-03-08 10:07:00,trios,broken_moon,6,8.0,AetherealTea,wattson,lightning_spirit,0,0,1,49,375,0,0
170,2023-03-08 10:07:00,trios,broken_moon,6,8.0,NiFaLeM,fuse,,0,0,0,2,375,0,0
170,2023-03-08 10:07:00,trios,broken_moon,6,8.0,ksyron,valkyrie,,0,0,0,88,375,0,0
171,2023-03-08 10:15:00,trios,broken_moon,19,3.0,AetherealTea,wattson,haute_drop,0,0,0,34,100,0,0
171,2023-03-08 10:15:00,trios,broken_moon,19,3.0,NiFaLeM,fuse,,0,0,0,0,58,0,0
171,2023-03-08 10:15:00,trios,broken_moon,19,3.0,ksyron,valkyrie,,0,0,0,107,112,0,0
172,2023-03-08 10:19:00,ranked,storm_point,17,5.0,AetherealTea,wattson,electric_camo,0,0,1,123,208,0,0
172,2023-03-08 10:19:00,ranked,storm_point,17,5.0,ksyron,valkyrie,,1,0,1,369,209,0,0
172,2023-03-08 10:19:00,ranked,storm_point,17,5.0,NiFaLeM,fuse,,0,0,0,74,208,0,0
173,2023-03-08 10:25:00,ranked,storm_point,6,10.0,AetherealTea,wattson,dire_wolf,0,2,1,438,572,2,0
173,2023-03-08 10:25:00,ranked,storm_point,6,10.0,NiFaLeM,fuse,,2,0,2,294,572,0,0
173,2023-03-08 10:25:00,ranked,storm_point,6,10.0,ksyron,valkyrie,,0,0,0,269,546,0,0
174,2023-03-08 10:36:00,ranked,storm_point,11,8.0,AetherealTea,wattson,kawaii_kitty,0,0,0,0,399,0,0
174,2023-03-08 10:36:00,ranked,storm_point,11,8.0,ksyron,valkyrie,,1,0,1,362,426,0,0
174,2023-03-08 10:36:00,ranked,storm_point,11,8.0,NiFaLeM,fuse,,0,1,0,17,426,0,0
175,2023-03-08 10:54:00,ranked,storm_point,20,2.0,AetherealTea,wattson,lightning_spirit,0,0,0,73,76,0,0
175,2023-03-08 10:54:00,ranked,storm_point,20,2.0,NiFaLeM,fuse,,0,0,0,15,76,0,0
175,2023-03-08 10:54:00,ranked,storm_point,20,2.0,ksyron,valkyrie,,0,0,0,7,76,0,0
176,2023-03-08 10:57:00,ranked,storm_point,8,12.0,AetherealTea,wattson,haute_drop,2,1,2,790,646,1,0
176,2023-03-08 10:57:00,ranked,storm_point,8,12.0,ksyron,valkyrie,,2,0,2,606,641,0,0
176,2023-03-08 10:57:00,ranked,storm_point,8,12.0,NiFaLeM,fuse,,0,1,0,364,646,1,0
177,2023-03-08 11:10:00,ranked,storm_point,12,8.0,AetherealTea,wattson,electric_camo,1,0,1,340,398,0,0
177,2023-03-08 11:10:00,ranked,storm_point,12,8.0,ksyron,valkyrie,,1,0,1,454,398,0,0
177,2023-03-08 11:10:00,ranked,storm_point,12,8.0,NiFaLeM,fuse,,0,0,0,98,397,1,0
178,2023-03-08 11:18:00,ranked,storm_point,8,12.0,AetherealTea,wattson,dire_wolf,2,1,2,637,641,0,2
178,2023-03-08 11:18:00,ranked,storm_point,8,12.0,ksyron,valkyrie,,1,1,1,299,367,0,0
178,2023-03-08 11:18:00,ranked,storm_point,8,12.0,NiFaLeM,fuse,,1,0,1,87,333,0,0
179,2023-03-08 11:31:00,ranked,storm_point,2,21.0,AetherealTea,wattson,,1,2,1,513,915,1,0
179,2023-03-08 11:31:00,ranked,storm_point,2,21.0,ksyron,valkyrie,,5,1,5,1456,1175,1,0
179,2023-03-08 11:31:00,ranked,storm_point,2,21.0,NiFaLeM,fuse,,2,2,2,291,872,1,0
180,2023-03-08 11:53:00,ranked,storm_point,13,7.0,AetherealTea,seer,,0,0,0,134,357,0,0
180,2023-03-08 11:53:00,ranked,storm_point,13,7.0,ksyron,catalyst,,0,0,0,95,356,0,0
180,2023-03-08 11:53:00,ranked,storm_point,13,7.0,NiFaLeM,fuse,,0,0,0,62,357,0,0
181,2023-03-08 12:00:00,ranked,storm_point,1,10.0,AetherealTea,seer,,1,0,1,93,499,0,0
181,2023-03-08 12:00:00,ranked,storm_point,1,10.0,ksyron,catalyst,,1,1,1,279,499,0,0
181,2023-03-08 12:00:00,ranked,storm_point,1,10.0,NiFaLeM,fuse,,0,0,0,22,498,0,0
182,2023-03-08 12:10:00,ranked,storm_point,18,4.0,AetherealTea,seer,,0,0,0,137,151,0,0
182,2023-03-08 12:10:00,ranked,storm_point,18,4.0,ksyron,catalyst,,0,0,0,183,89,0,0
182,2023-03-08 12:10:00,ranked,storm_point,18,4.0,NiFaLeM,fuse,,0,0,0,24,128,0,0
183,2023-03-08 12:15:00,ranked,storm_point,5,14.0,AetherealTea,seer,,5,1,6,1133,790,3,0
183,2023-03-08 12:15:00,ranked,storm_point,5,14.0,ksyron,catalyst,,1,2,1,707,790,1,0
183,2023-03-08 12:15:00,ranked,storm_point,5,14.0,NiFaLeM,fuse,,0,2,0,187,731,0,0
184,2023-03-08 12:30:00,ranked,storm_point,13,7.0,AetherealTea,seer,,0,0,0,-1,393,0,0
184,2023-03-08 12:30:00,ranked,storm_point,13,7.0,NiFaLeM,fuse,,0,0,1,75,392,0,0
184,2023-03-08 12:30:00,ranked,storm_point,13,7.0,ksyron,catalyst,,0,0,0,52,393,0,0
185,2023-03-09 09:37:00,trios,broken_moon,1,17.0,AetherealTea,wattson,haute_drop,9,5,10,1583,936,1,0
185,2023-03-09 09:37:00,trios,broken_moon,1,17.0,Bartekx123412,valkyrie,,1,4,1,682,936,0,0
185,2023-03-09 09:37:00,trios,broken_moon,1,17.0,ksyron,catalyst,,8,7,8,2061,936,1,0
186,2023-03-09 09:55:00,duos,broken_moon,31,2.0,AetherealTea,wattson,,0,0,0,0,52,0,0
186,2023-03-09 09:55:00,duos,broken_moon,31,2.0,ksyron,valkyrie,,0,0,0,120,52,0,0
187,2023-03-09 09:58:00,duos,broken_moon,19,4.0,AetherealTea,wattson,dire_wolf,1,1,1,210,170,0,0
187,2023-03-09 09:58:00,duos,broken_moon,19,4.0,ksyron,valkyrie,,2,1,2,406,149,0,0
188,2023-03-09 21:11:00,ranked,broken_moon,9,9.0,AetherealTea,wattson,haute_drop,1,1,1,575,463,0,0
188,2023-03-09 21:11:00,ranked,broken_moon,9,9.0,Livin’ La Vida L,wraith,,1,0,2,257,463,1,0
188,2023-03-09 21:11:00,ranked,broken_moon,9,9.0,LowNisma :,mirage,,0,0,0,12,401,0,0
189,2023-03-09 21:20:00,ranked,broken_moon,7,14.0,AetherealTea,wattson,electric_camo,2,0,2,794,765,0,0
189,2023-03-09 21:20:00,ranked,broken_moon,7,14.0,biack silk,wraith,,1,0,2,286,746,0,0
189,2023-03-09 21:20:00,ranked,broken_moon,7,14.0,VANQUISH,fuse,,0,1,0,339,748,0,0
191,2023-03-10 09:30:00,duos,worlds_edge,1,18.0,AetherealTea,wraith,,1,5,2,948,966,0,0
191,2023-03-10 09:30:00,duos,worlds_edge,1,18.0,ksyron,catalyst,,7,1,7,1278,966,2,0
192,2023-03-10 09:48:00,ranked,broken_moon,1,23.0,AetherealTea,wattson,lightning_spirit,4,0,4,1333,1261,4,0
192,2023-03-10 09:48:00,ranked,broken_moon,1,23.0,ksyron,valkyrie,,0,2,0,1070,1183,0,0
192,2023-03-10 09:48:00,ranked,broken_moon,1,23.0,Crystal Phoen,fuse,,1,0,3,1074,1166,0,0
193,2023-03-10 10:12:00,ranked,worlds_edge,18,3.0,AetherealTea,wattson,haute_drop,0,0,0,17,121,0,0
193,2023-03-10 10:12:00,ranked,worlds_edge,18,3.0,ksyron,valkyrie,,0,0,0,99,121,0,0
193,2023-03-10 10:12:00,ranked,worlds_edge,18,3.0,Fedo,crypto,,0,0,1,209,121,0,0
194,2023-03-10 10:16:00,ranked,worlds_edge,12,5.0,AetherealTea,wattson,,0,0,1,204,268,0,0
194,2023-03-10 10:16:00,ranked,worlds_edge,12,5.0,ksyron,valkyrie,,0,3,1,640,268,0,0
194,2023-03-10 10:16:00,ranked,worlds_edge,12,5.0,elDestroh,seer,,3,0,3,345,268,0,0
195,2023-03-10 10:22:00,trios,storm_point,21,2.0,AetherealTea,ash,,0,0,0,42,85,0,0
195,2023-03-10 10:22:00,trios,storm_point,21,2.0,ksyron,valkyrie,,0,0,0,164,66,0,0
195,2023-03-10 10:22:00,trios,storm_point,21,2.0,DiJonKari,catalyst,,0,0,0,34,86,0,0
196,2023-03-10 10:25:00,ranked,worlds_edge,14,6.0,AetherealTea,wattson,,0,0,0,192,262,0,0
196,2023-03-10 10:25:00,ranked,worlds_edge,14,6.0,ksyron,valkyrie,,0,0,0,256,262,0,0
196,2023-03-10 10:25:00,ranked,worlds_edge,14,6.0,OiBrav,octane,,0,0,0,104,263,0,0
197,2023-03-10 10:31:00,ranked,worlds_edge,18,3.0,AetherealTea,wattson,kawaii_kitty,0,0,0,38,120,0,0
197,2023-03-10 10:31:00,ranked,worlds_edge,18,3.0,Yazid,lifeline,,0,0,0,101,120,0,0
197,2023-03-10 10:31:00,ranked,worlds_edge,18,3.0,ksyron,valkyrie,,0,0,0,23,120,0,0
198,2023-03-10 10:35:00,trios,broken_moon,17,2.0,AetherealTea,wraith,,0,0,1,132,91,0,0
198,2023-03-10 10:35:00,trios,broken_moon,17,2.0,limitless,bloodhound,,0,0,0,23,91,0,0
198,2023-03-10 10:35:00,trios,broken_moon,17,2.0,ksyron,valkyrie,,0,0,0,7,87,0,0
199,2023-03-10 10:53:00,ranked,worlds_edge,12,4.0,AetherealTea,wattson,haute_drop,0,0,0,12,194,0,0
199,2023-03-10 10:53:00,ranked,worlds_edge,12,4.0,ksyron,catalyst,,0,0,0,174,193,0,0
199,2023-03-10 10:53:00,ranked,worlds_edge,12,4.0,skart,pathfinder,,0,0,1,246,205,0,0
200,2023-03-10 10:58:00,ranked,worlds_edge,15,5.0,AetherealTea,wattson,electric_camo,0,0,0,22,199,0,0
200,2023-03-10 10:58:00,ranked,worlds_edge,15,5.0,LalloPov,wraith,,0,0,0,50,199,0,0
200,2023-03-10 10:58:00,ranked,worlds_edge,15,5.0,ksyron,valkyrie,,0,0,1,244,198,0,0
201,2023-03-10 11:07:00,ranked,worlds_edge,8,16.0,AetherealTea,wattson,kawaii_kitty,1,1,1,231,649,0,0
201,2023-03-10 11:07:00,ranked,worlds_edge,8,16.0,ksyron,mirage,,2,0,2,355,874,0,0
201,2023-03-10 11:07:00,ranked,worlds_edge,8,16.0,Ricky Dicky Doo Dah G,valkyrie,,0,1,0,176,874,1,0
202,2023-03-10 11:24:00,ranked,worlds_edge,13,5.0,AetherealTea,wattson,lightning_spirit,1,0,2,342,246,0,0
202,2023-03-10 11:24:00,ranked,worlds_edge,13,5.0,TAane,bloodhound,,0,0,0,126,247,1,0
202,2023-03-10 11:24:00,ranked,worlds_edge,13,5.0,ksyron,catalyst,,0,0,0,307,247,1,0
203,2023-03-10 11:30:00,trios,broken_moon,8,8.0,AetherealTea,wattson,haute_drop,1,5,1,747,430,0,0
203,2023-03-10 11:30:00,trios,broken_moon,8,8.0,UnderLight,ash,,2,2,3,863,430,0,0
203,2023-03-10 11:30:00,trios,broken_moon,8,8.0,ksyron,catalyst,,5,0,6,673,430,2,0
204,2023-03-11 09:03:00,,,16,4.0,AetherealTea,wattson,dire_wolf,0,0,0,0,-1,0,0
204,2023-03-11 09:03:00,,,16,4.0,ksyron,catalyst,,0,0,0,274,-1,0,0
204,2023-03-11 09:03:00,,,16,4.0,NiFaLeM,fuse,,0,0,0,18,-1,0,0
205,2023-03-11 09:21:00,trios,broken_moon,15,4.0,AetherealTea,wattson,lightning_spirit,0,0,0,262,172,0,0
205,2023-03-11 09:21:00,trios,broken_moon,15,4.0,ksyron,fuse,,0,0,1,292,172,0,0
205,2023-03-11 09:21:00,trios,broken_moon,15,4.0,Unknown,,,0,0,0,75,171,0,0
206,2023-03-11 09:25:00,trios,broken_moon,20,2.0,AetherealTea,wattson,haute_drop,0,0,0,3,50,0,0
206,2023-03-11 09:25:00,trios,broken_moon,20,2.0,NiFaLeM,fuse,,0,0,1,3,50,0,0
206,2023-03-11 09:25:00,trios,broken_moon,20,2.0,ksyron,catalyst,,0,0,0,106,50,0,0
207,2023-03-11 09:28:00,trios,broken_moon,8,5.0,AetherealTea,wattson,electric_camo,0,1,0,132,142,0,0
207,2023-03-11 09:28:00,trios,broken_moon,8,5.0,ksyron,catalyst,,2,0,3,446,255,1,0
207,2023-03-11 09:28:00,trios,broken_moon,8,5.0,NiFaLeM,fuse,,1,1,1,224,141,0,0
208,2023-03-11 09:34:00,ranked,worlds_edge,12,10.0,AetherealTea,wattson,,1,0,1,212,433,0,0
208,2023-03-11 09:34:00,ranked,worlds_edge,12,10.0,ksyron,catalyst,,1,1,2,1139,510,0,0
208,2023-03-11 09:34:00,ranked,worlds_edge,12,10.0,NiFaLeM,fuse,,0,1,0,134,510,0,0
209,2023-03-11 09:45:00,ranked,worlds_edge,19,3.0,AetherealTea,wattson,kawaii_kitty,0,0,0,105,90,0,0
209,2023-03-11 09:45:00,ranked,worlds_edge,19,3.0,ksyron,catalyst,,0,0,0,34,87,0,0
209,2023-03-11 09:45:00,ranked,worlds_edge,19,3.0,NiFaLeM,fuse,,0,0,0,46,107,0,0
210,2023-03-11 09:48:00,ranked,worlds_edge,16,7.0,AetherealTea,wraith,,0,0,0,129,282,0,0
210,2023-03-11 09:48:00,ranked,worlds_edge,16,7.0,ksyron,valkyrie,,1,0,1,334,269,0,0
210,2023-03-11 09:48:00,ranked,worlds_edge,16,7.0,NiFaLeM,fuse,,0,0,0,101,282,0,0
211,2023-03-11 09:55:00,ranked,worlds_edge,16,4.0,AetherealTea,wattson,lightning_spirit,0,0,0,207,175,0,0
211,2023-03-11 09:55:00,ranked,worlds_edge,16,4.0,ksyron,valkyrie,,1,0,2,157,174,0,0
211,2023-03-11 09:55:00,ranked,worlds_edge,16,4.0,NiFaLeM,fuse,,0,0,0,86,174,0,0
212,2023-03-11 10:00:00,ranked,storm_point,1,7.0,AetherealTea,wattson,haute_drop,0,0,0,145,-1,0,0
212,2023-03-11 10:00:00,ranked,storm_point,1,7.0,ksyron,valkyrie,,1,2,4,770,-1,0,0
212,2023-03-11 10:00:00,ranked,storm_point,1,7.0,NiFaLeM,fuse,,2,1,2,75,-1,1,0
213,2023-03-11 10:07:00,ranked,storm_point,13,5.0,AetherealTea,wattson,electric_camo,0,0,1,390,182,0,0
213,2023-03-11 10:07:00,ranked,storm_point,13,5.0,ksyron,valkyrie,,1,0,1,105,100,0,0
213,2023-03-11 10:07:00,ranked,storm_point,13,5.0,NiFaLeM,fuse,,0,1,0,90,151,1,0
214,2023-03-11 10:12:00,ranked,storm_point,15,5.0,AetherealTea,wattson,dire_wolf,2,0,3,259,215,1,0
214,2023-03-11 10:12:00,ranked,storm_point,15,5.0,ksyron,valkyrie,,0,2,0,355,215,0,0
214,2023-03-11 10:12:00,ranked,storm_point,15,5.0,NiFaLeM,fuse,,0,0,0,228,215,0,0
215,2023-03-11 10:18:00,ranked,storm_point,12,9.0,AetherealTea,wattson,kawaii_kitty,2,1,3,604,487,1,0
215,2023-03-11 10:18:00,ranked,storm_point,12,9.0,NiFaLeM,fuse,,1,1,1,152,487,0,0
215,2023-03-11 10:18:00,ranked,storm_point,12,9.0,ksyron,valkyrie,,5,2,5,731,487,2,0
216,2023-03-11 10:28:00,ranked,storm_point,12,5.0,AetherealTea,wattson,,0,0,0,136,253,0,0
216,2023-03-11 10:28:00,ranked,storm_point,12,5.0,ksyron,valkyrie,,0,0,0,76,206,1,0
216,2023-03-11 10:28:00,ranked,storm_point,12,5.0,NiFaLeM,fuse,,0,0,0,129,218,0,0
217,2023-03-11 10:34:00,trios,worlds_edge,15,3.0,AetherealTea,wattson,haute_drop,0,0,0,144,96,0,0
217,2023-03-11 10:34:00,trios,worlds_edge,15,3.0,ksyron,valkyrie,,0,0,0,0,123,0,0
217,2023-03-11 10:34:00,trios,worlds_edge,15,3.0,NiFaLeM,fuse,,0,0,0,-1,122,0,0
218,2023-03-11 10:38:00,trios,worlds_edge,2,22.0,AetherealTea,wattson,electric_camo,2,0,4,1098,1217,0,2
218,2023-03-11 10:38:00,trios,worlds_edge,2,22.0,NiFaLeM,fuse,,0,0,0,16,79,0,0
218,2023-03-11 10:38:00,trios,worlds_edge,2,22.0,ksyron,horizon,,2,0,2,671,1049,0,0
219,2023-03-11 11:01:00,ranked,storm_point,17,3.0,AetherealTea,wattson,dire_wolf,0,2,0,292,94,0,0
219,2023-03-11 11:01:00,ranked,storm_point,17,3.0,ksyron,horizon,,2,0,2,135,94,0,0
219,2023-03-11 11:01:00,ranked,storm_point,17,3.0,NiFaLeM,fuse,,0,0,0,147,94,0,0
220,2023-03-11 11:05:00,ranked,storm_point,20,2.0,AetherealTea,wattson,kawaii_kitty,0,0,1,199,80,0,0
220,2023-03-11 11:05:00,ranked,storm_point,20,2.0,ksyron,horizon,,0,0,0,138,80,0,0
220,2023-03-11 11:05:00,ranked,storm_point,20,2.0,NiFaLeM,fuse,,0,0,0,45,80,0,0
221,2023-03-11 11:08:00,ranked,storm_point,16,3.0,AetherealTea,wattson,lightning_spirit,0,1,0,86,143,0,0
221,2023-03-11 11:08:00,ranked,storm_point,16,3.0,ksyron,valkyrie,,0,0,0,205,142,0,0
221,2023-03-11 11:08:00,ranked,storm_point,16,3.0,NiFaLeM,fuse,,1,0,1,105,143,1,0
222,2023-03-11 11:12:00,ranked,storm_point,15,4.0,AetherealTea,wattson,haute_drop,0,0,1,241,198,1,0
222,2023-03-11 11:12:00,ranked,storm_point,15,4.0,ksyron,valkyrie,,0,0,1,192,199,0,0
222,2023-03-11 11:12:00,ranked,storm_point,15,4.0,NiFaLeM,fuse,,0,0,0,36,199,0,0
223,2023-03-11 11:17:00,ranked,storm_point,15,4.0,AetherealTea,wattson,electric_camo,0,0,0,62,117,0,0
223,2023-03-11 11:17:00,ranked,storm_point,15,4.0,NiFaLeM,fuse,,0,0,0,129,153,0,0
223,2023-03-11 11:17:00,ranked,storm_point,15,4.0,ksyron,valkyrie,,0,0,2,131,172,0,0
224,2023-03-11 16:31:00,trios,broken_moon,7,7.0,AetherealTea,wattson,kawaii_kitty,0,0,0,108,330,0,0
224,2023-03-11 16:31:00,trios,broken_moon,7,7.0,Im not HIM,wraith,,0,0,1,129,323,0,0
224,2023-03-11 16:31:00,trios,broken_moon,7,7.0,Volarda,caustic,,0,0,0,88,288,0,0
225,2023-03-12 10:32:00,trios,worlds_edge,8,10.0,AetherealTea,wattson,,0,0,1,658,526,1,0
225,2023-03-12 10:32:00,trios,worlds_edge,8,10.0,ksyron,catalyst,,4,0,5,586,468,2,0
225,2023-03-12 10:32:00,trios,worlds_edge,8,10.0,NiFaLeM,fuse,,1,1,2,754,532,0,0
226,2023-03-12 10:42:00,trios,worlds_edge,18,4.0,AetherealTea,wattson,electric_camo,0,1,0,2,93,0,0
226,2023-03-12 10:42:00,trios,worlds_edge,18,4.0,ksyron,catalyst,,1,0,1,298,90,0,0
226,2023-03-12 10:42:00,trios,worlds_edge,18,4.0,NiFaLeM,fuse,,1,1,1,418,93,0,0
227,2023-03-12 10:46:00,trios,worlds_edge,10,4.0,AetherealTea,wattson,dire_wolf,2,0,2,288,199,0,0
227,2023-03-12 10:46:00,trios,worlds_edge,10,4.0,ksyron,catalyst,,0,0,0,187,127,0,0
227,2023-03-12 10:46:00,trios,worlds_edge,10,4.0,NiFaLeM,fuse,,1,1,1,154,199,0,0
228,2023-03-12 10:51:00,trios,worlds_edge,19,3.0,AetherealTea,wattson,kawaii_kitty,0,0,0,76,118,0,0
228,2023-03-12 10:51:00,trios,worlds_edge,19,3.0,NiFaLeM,fuse,,0,0,0,82,117,0,0
228,2023-03-12 10:51:00,trios,worlds_edge,19,3.0,ksyron,catalyst,,0,0,0,80,113,0,0
229,2023-03-12 10:55:00,ranked,storm_point,8,15.0,AetherealTea,wattson,lightning_spirit,3,2,3,648,821,1,0
229,2023-03-12 10:55:00,ranked,storm_point,8,15.0,ksyron,catalyst,,3,1,3,2,821,2,0
229,2023-03-12 10:55:00,ranked,storm_point,8,15.0,NiFaLeM,fuse,,0,3,1,750,821,0,0
230,2023-03-12 11:18:00,,,18,2.0,AetherealTea,wattson,,0,0,1,349,119,0,0
230,2023-03-12 11:18:00,,,18,2.0,NiFaLeM,fuse,,0,0,0,105,119,0,0
230,2023-03-12 11:18:00,,,18,2.0,ksyron,catalyst,,0,0,0,143,110,0,0
231,2023-03-12 11:21:00,ranked,broken_moon,13,7.0,AetherealTea,wattson,electric_camo,0,0,0,0,303,0,0
231,2023-03-12 11:21:00,ranked,broken_moon,13,7.0,ksyron,catalyst,,0,0,0,78,143,0,0
231,2023-03-12 11:21:00,ranked,broken_moon,13,7.0,NiFaLeM,fuse,,0,0,0,0,140,0,0
232,2023-03-12 11:28:00,ranked,broken_moon,17,3.0,AetherealTea,wattson,dire_wolf,0,1,0,248,116,0,0
232,2023-03-12 11:28:00,ranked,broken_moon,17,3.0,ksyron,catalyst,,1,0,2,297,115,0,0
232,2023-03-12 11:28:00,ranked,broken_moon,17,3.0,NiFaLeM,fuse,,0,0,0,30,86,0,0
233,2023-03-12 11:32:00,ranked,broken_moon,4,20.0,AetherealTea,wattson,kawaii_kitty,5,1,6,1009,924,1,0
233,2023-03-12 11:32:00,ranked,broken_moon,4,20.0,NiFaLeM,fuse,,1,2,1,-1,884,0,0
233,2023-03-12 11:32:00,ranked,broken_moon,4,20.0,ksyron,valkyrie,,1,3,2,780,1160,0,1
234,2023-03-12 11:53:00,ranked,broken_moon,9,10.0,AetherealTea,wattson,lightning_spirit,1,1,1,701,542,0,0
234,2023-03-12 11:53:00,ranked,broken_moon,9,10.0,ksyron,catalyst,,3,1,3,1000,542,0,0
234,2023-03-12 11:53:00,ranked,broken_moon,9,10.0,NiFaLeM,fuse,,0,2,0,215,542,1,0
235,2023-03-12 12:05:00,ranked,broken_moon,19,3.0,AetherealTea,wattson,haute_drop,0,0,0,131,112,0,0
235,2023-03-12 12:05:00,ranked,broken_moon,19,3.0,ksyron,catalyst,,0,0,0,65,112,0,0
235,2023-03-12 12:05:00,ranked,broken_moon,19,3.0,NiFaLeM,fuse,,0,0,0,0,76,0,0
236,2023-03-12 12:09:00,ranked,broken_moon,20,2.0,AetherealTea,wattson,electric_camo,0,0,0,94,74,0,0
236,2023-03-12 12:09:00,ranked,broken_moon,20,2.0,ksyron,catalyst,,0,0,0,0,72,0,0
236,2023-03-12 12:09:00,ranked,broken_moon,20,2.0,NiFaLeM,fuse,,0,0,0,60,73,0,0
237,2023-03-12 12:11:00,ranked,broken_moon,11,10.0,AetherealTea,wattson,dire_wolf,0,0,0,26,-1,1,0
237,2023-03-12 12:11:00,ranked,broken_moon,11,10.0,NiFaLeM,fuse,,0,0,0,0,327,0,0
237,2023-03-12 12:11:00,ranked,broken_moon,11,10.0,ksyron,catalyst,,0,0,0,0,500,0,0
238,2023-03-12 12:21:00,ranked,broken_moon,12,8.0,AetherealTea,wattson,kawaii_kitty,0,0,1,295,362,0,0
238,2023-03-12 12:21:00,ranked,broken_moon,12,8.0,ksyron,lifeline,,0,0,0,215,362,0,0
238,2023-03-12 12:21:00,ranked,broken_moon,12,8.0,NiFaLeM,fuse,,0,0,0,0,362,0,0
239,2023-03-12 12:29:00,ranked,broken_moon,2,23.0,AetherealTea,wattson,lightning_spirit,2,2,3,8,1257,0,0
239,2023-03-12 12:29:00,ranked,broken_moon,2,23.0,ksyron,lifeline,,3,0,4,1288,1266,1,2
239,2023-03-12 12:29:00,ranked,broken_moon,2,23.0,NiFaLeM,fuse,,0,1,1,644,1266,1,0
240,2023-03-12 12:52:00,ranked,broken_moon,16,4.0,AetherealTea,wattson,haute_drop,0,0,0,70,173,0,0
240,2023-03-12 12:52:00,ranked,broken_moon,16,4.0,ksyron,lifeline,,0,0,1,143,183,1,0
240,2023-03-12 12:52:00,ranked,broken_moon,16,4.0,NiFaLeM,fuse,,0,0,0,0,183,0,0
241,2023-03-12 12:57:00,ranked,broken_moon,18,3.0,AetherealTea,wattson,electric_camo,0,0,0,120,106,0,0
241,2023-03-12 12:57:00,ranked,broken_moon,18,3.0,ksyron,lifeline,,0,0,1,187,106,0,0
241,2023-03-12 12:57:00,ranked,broken_moon,18,3.0,NiFaLeM,fuse,,0,0,0,0,106,0,0
242,2023-03-12 13:00:00,ranked,broken_moon,5,14.0,AetherealTea,wattson,dire_wolf,0,0,0,45,780,0,2
242,2023-03-12 13:00:00,ranked,broken_moon,5,14.0,ksyron,lifeline,,0,0,1,204,784,0,0
242,2023-03-12 13:00:00,ranked,broken_moon,5,14.0,NiFaLeM,fuse,,0,0,0,126,784,0,0
243,2023-03-12 13:15:00,ranked,broken_moon,6,12.0,AetherealTea,wattson,kawaii_kitty,1,3,2,560,639,0,0
243,2023-03-12 13:15:00,ranked,broken_moon,6,12.0,ksyron,lifeline,,4,2,4,1203,632,2,0
243,2023-03-12 13:15:00,ranked,broken_moon,6,12.0,Karoana,wraith,,2,2,3,981,640,0,0
244,2023-03-12 13:28:00,ranked,broken_moon,10,8.0,AetherealTea,wattson,,0,2,0,371,438,0,0
244,2023-03-12 13:28:00,ranked,broken_moon,10,8.0,sitegarant,fuse,,2,1,2,343,438,0,0
244,2023-03-12 13:28:00,ranked,broken_moon,10,8.0,ksyron,lifeline,,1,0,1,206,413,0,0
245,2023-03-12 13:36:00,ranked,broken_moon,13,9.0,AetherealTea,wattson,haute_drop,1,0,1,434,461,1,0
245,2023-03-12 13:36:00,ranked,broken_moon,13,9.0,Tuppurware,octane,,0,1,1,725,421,0,2
245,2023-03-12 13:36:00,ranked,broken_moon,13,9.0,ksyron,lifeline,,1,0,1,204,461,2,0
246,2023-03-12 13:46:00,ranked,broken_moon,16,4.0,AetherealTea,wraith,,0,0,0,184,175,0,0
246,2023-03-12 13:46:00,ranked,broken_moon,16,4.0,xlll,lifeline,,0,0,0,181,175,0,0
246,2023-03-12 13:46:00,ranked,broken_moon,16,4.0,ksyron,catalyst,,0,0,2,280,175,0,0
247,2023-03-13 11:01:00,trios,broken_moon,19,3.0,AetherealTea,wraith,,1,1,1,218,77,0,0
247,2023-03-13 11:01:00,trios,broken_moon,19,3.0,ksyron,catalyst,,0,0,0,182,77,0,0
247,2023-03-13 11:01:00,trios,broken_moon,19,3.0,NiFaLeM,fuse,,1,1,1,156,76,0,0
248,2023-03-13 11:04:00,trios,broken_moon,4,13.0,AetherealTea,wraith,,3,3,3,1041,661,0,0
248,2023-03-13 11:04:00,trios,broken_moon,4,13.0,ksyron,valkyrie,,1,3,1,714,661,2,1
248,2023-03-13 11:04:00,trios,broken_moon,4,13.0,NiFaLeM,fuse,,2,1,2,503,661,0,0
249,2023-03-13 11:17:00,ranked,worlds_edge,5,16.0,AetherealTea,wattson,,2,0,3,799,825,0,1
249,2023-03-13 11:17:00,ranked,worlds_edge,5,16.0,ksyron,valkyrie,,1,0,1,472,97,0,0
249,2023-03-13 11:17:00,ranked,worlds_edge,5,16.0,NiFaLeM,fuse,,0,2,0,169,375,0,0
250,2023-03-13 11:33:00,ranked,worlds_edge,1,23.0,AetherealTea,wattson,dire_wolf,6,2,6,969,1306,1,0
250,2023-03-13 11:33:00,ranked,worlds_edge,1,23.0,ksyron,valkyrie,,4,2,6,1677,1306,0,0
250,2023-03-13 11:33:00,ranked,worlds_edge,1,23.0,NiFaLeM,fuse,,1,6,1,605,1306,0,0
251,2023-03-13 11:57:00,ranked,worlds_edge,20,2.0,AetherealTea,wattson,,0,0,0,33,-1,0,0
251,2023-03-13 11:57:00,ranked,worlds_edge,20,2.0,ksyron,valkyrie,,0,0,0,61,60,0,0
251,2023-03-13 11:57:00,ranked,worlds_edge,20,2.0,NiFaLeM,fuse,,0,0,0,17,70,0,0
252,2023-03-13 12:00:00,ranked,worlds_edge,1,16.0,AetherealTea,wattson,lightning_spirit,5,2,5,1141,889,0,0
252,2023-03-13 12:00:00,ranked,worlds_edge,1,16.0,NiFaLeM,fuse,,1,0,1,231,572,1,0
252,2023-03-13 12:00:00,ranked,worlds_edge,1,16.0,ksyron,valkyrie,,3,0,3,957,889,1,2
253,2023-03-13 12:17:00,ranked,worlds_edge,12,6.0,AetherealTea,wattson,,1,0,1,283,258,0,0
253,2023-03-13 12:17:00,ranked,worlds_edge,12,6.0,ksyron,valkyrie,,0,1,0,167,258,0,0
253,2023-03-13 12:17:00,ranked,worlds_edge,12,6.0,NiFaLeM,fuse,,0,0,1,5,257,0,2
254,2023-03-13 12:23:00,ranked,worlds_edge,13,5.0,AetherealTea,wattson,electric_camo,0,0,0,173,64,0,0
254,2023-03-13 12:23:00,ranked,worlds_edge,13,5.0,ksyron,valkyrie,,0,0,0,66,233,0,0
254,2023-03-13 12:23:00,ranked,worlds_edge,13,5.0,NiFaLeM,fuse,,0,0,2,55,75,1,0
255,2023-03-13 12:30:00,ranked,worlds_edge,7,17.0,AetherealTea,wattson,kawaii_kitty,0,0,1,401,721,0,0
255,2023-03-13 12:30:00,ranked,worlds_edge,7,17.0,ksyron,valkyrie,,0,0,0,585,741,0,0
255,2023-03-13 12:30:00,ranked,worlds_edge,7,17.0,NiFaLeM,fuse,,0,0,0,344,534,0,0
256,2023-03-13 12:48:00,ranked,worlds_edge,18,4.0,AetherealTea,wattson,lightning_spirit,0,0,0,56,147,0,0
256,2023-03-13 12:48:00,ranked,worlds_edge,18,4.0,ksyron,valkyrie,,0,0,1,75,147,0,0
256,2023-03-13 12:48:00,ranked,worlds_edge,18,4.0,NiFaLeM,fuse,,0,0,1,84,147,0,0
257,2023-03-14 11:20:00,ranked,storm_point,13,6.0,AetherealTea,wattson,haute_drop,1,2,1,415,265,0,0
257,2023-03-14 11:20:00,ranked,storm_point,13,6.0,ksyron,valkyrie,,2,1,4,727,278,1,0
257,2023-03-14 11:20:00,ranked,storm_point,13,6.0,NiFaLeM,fuse,,1,3,1,355,278,0,0
258,2023-03-14 11:26:00,ranked,storm_point,13,9.0,AetherealTea,wattson,electric_camo,1,2,1,549,443,2,0
258,2023-03-14 11:26:00,ranked,storm_point,13,9.0,ksyron,valkyrie,,2,0,2,281,444,0,0
258,2023-03-14 11:26:00,ranked,storm_point,13,9.0,NiFaLeM,fuse,,0,3,0,316,407,0,0
259,2023-03-14 11:37:00,ranked,storm_point,16,4.0,AetherealTea,wattson,,0,0,1,78,170,0,0
259,2023-03-14 11:37:00,ranked,storm_point,16,4.0,ksyron,valkyrie,,0,0,0,7,171,0,0
259,2023-03-14 11:37:00,ranked,storm_point,16,4.0,NiFaLeM,fuse,,0,0,0,0,153,0,0
260,2023-03-14 11:41:00,ranked,storm_point,14,4.0,AetherealTea,wattson,kawaii_kitty,0,0,0,106,83,0,0
260,2023-03-14 11:41:00,ranked,storm_point,14,4.0,ksyron,valkyrie,,1,0,1,230,172,0,0
260,2023-03-14 11:41:00,ranked,storm_point,14,4.0,NiFaLeM,fuse,,0,0,0,0,78,0,0
261,2023-03-14 11:46:00,ranked,storm_point,1,11.0,AetherealTea,wattson,lightning_spirit,0,2,0,361,575,0,0
261,2023-03-14 11:46:00,ranked,storm_point,1,11.0,NiFaLeM,fuse,,0,1,0,232,525,0,0
261,2023-03-14 11:46:00,ranked,storm_point,1,11.0,ksyron,lifeline,,3,0,4,740,577,0,1
262,2023-03-14 11:58:00,ranked,storm_point,5,16.0,AetherealTea,wattson,haute_drop,0,1,0,201,111,0,0
262,2023-03-14 11:58:00,ranked,storm_point,5,16.0,ksyron,lifeline,,3,0,3,410,908,1,2
262,2023-03-14 11:58:00,ranked,storm_point,5,16.0,NiFaLeM,fuse,,0,2,0,214,733,0,0
263,2023-03-14 12:15:00,ranked,storm_point,20,3.0,AetherealTea,wattson,electric_camo,1,0,1,42,111,0,0
263,2023-03-14 12:15:00,ranked,storm_point,20,3.0,ksyron,lifeline,,0,1,0,287,111,0,0
263,2023-03-14 12:15:00,ranked,storm_point,20,3.0,NiFaLeM,fuse,,0,0,0,206,112,0,0
264,2023-03-15 10:49:00,trios,storm_point,16,4.0,AetherealTea,wattson,kawaii_kitty,0,0,0,201,92,0,0
264,2023-03-15 10:49:00,trios,storm_point,16,4.0,ksyron,valkyrie,,0,0,0,109,93,0,0
264,2023-03-15 10:49:00,trios,storm_point,16,4.0,NiFaLeM,fuse,,0,0,0,0,93,0,0
265,2023-03-15 10:53:00,trios,storm_point,8,7.0,AetherealTea,wattson,,0,0,1,159,301,0,0
265,2023-03-15 10:53:00,trios,storm_point,8,7.0,ksyron,valkyrie,,0,0,0,0,309,0,0
265,2023-03-15 10:53:00,trios,storm_point,8,7.0,NiFaLeM,fuse,,0,0,0,52,309,0,0
266,2023-03-15 11:00:00,trios,storm_point,5,10.0,AetherealTea,wattson,haute_drop,0,0,0,46,506,0,0
266,2023-03-15 11:00:00,trios,storm_point,5,10.0,ksyron,valkyrie,,0,0,0,56,506,0,0
266,2023-03-15 11:00:00,trios,storm_point,5,10.0,NiFaLeM,fuse,,0,0,0,137,505,0,0
267,2023-03-15 11:10:00,ranked,broken_moon,10,7.0,AetherealTea,wattson,electric_camo,0,0,0,58,355,0,0
267,2023-03-15 11:10:00,ranked,broken_moon,10,7.0,ksyron,valkyrie,,0,0,0,272,355,0,0
267,2023-03-15 11:10:00,ranked,broken_moon,10,7.0,NiFaLeM,fuse,,0,0,0,68,355,0,0
268,2023-03-15 11:19:00,ranked,broken_moon,1,18.0,AetherealTea,wattson,dire_wolf,0,1,0,299,978,0,0
268,2023-03-15 11:19:00,ranked,broken_moon,1,18.0,NiFaLeM,fuse,,1,0,1,205,180,0,0
268,2023-03-15 11:19:00,ranked,broken_moon,1,18.0,ksyron,valkyrie,,5,0,6,985,978,0,2
269,2023-03-15 11:37:00,ranked,broken_moon,9,10.0,AetherealTea,wattson,kawaii_kitty,2,1,2,473,554,0,0
269,2023-03-15 11:37:00,ranked,broken_moon,9,10.0,ksyron,valkyrie,,2,0,3,841,550,0,0
269,2023-03-15 11:37:00,ranked,broken_moon,9,10.0,NiFaLeM,fuse,,0,2,0,262,554,0,0
270,2023-03-15 11:48:00,ranked,broken_moon,8,10.0,AetherealTea,wattson,,2,1,2,450,449,1,0
270,2023-03-15 11:48:00,ranked,broken_moon,8,10.0,ksyron,valkyrie,,0,3,0,251,432,1,0
270,2023-03-15 11:48:00,ranked,broken_moon,8,10.0,NiFaLeM,fuse,,1,0,1,55,473,0,0
271,2023-03-15 11:58:00,ranked,broken_moon,11,8.0,AetherealTea,wattson,haute_drop,0,0,0,274,419,0,0
271,2023-03-15 11:58:00,ranked,broken_moon,11,8.0,NiFaLeM,fuse,,0,0,0,152,386,0,0
271,2023-03-15 11:58:00,ranked,broken_moon,11,8.0,ksyron,valkyrie,,1,0,1,367,383,0,0
272,2023-03-15 12:11:00,ranked,broken_moon,8,15.0,AetherealTea,wattson,,0,0,0,163,500,0,1
272,2023-03-15 12:11:00,ranked,broken_moon,8,15.0,ksyron,valkyrie,,1,0,1,704,819,0,1
272,2023-03-15 12:11:00,ranked,broken_moon,8,15.0,NiFaLeM,fuse,,0,0,0,160,819,0,0
273,2023-03-15 13:24:00,ranked,broken_moon,5,17.0,AetherealTea,wattson,electric_camo,4,0,4,681,952,0,0
273,2023-03-15 13:24:00,ranked,broken_moon,5,17.0,ksyron,valkyrie,,2,1,2,759,938,0,0
273,2023-03-15 13:24:00,ranked,broken_moon,5,17.0,mofhgj,mad_maggie,,0,3,0,374,948,0,0
